id,operation,sub operation,specific location,department,title,description,immediate action taken,date of occurrence,issue_category,reporting_period,observation_category
99690,Angola,Field Facilities,Muconda_accomodation_fly_camp,Accommodation (Tented),Inadequate Lighting in Camp Areas,"Certain sections of the camp lack adequate lighting during the night, increasing the risk of trips, falls, and injuries, particularly due to exposed tree stumps and uneven terrain.","Install adequate lighting in all poorly lit areas of the camp to ensure safe movement during nighttime. Remove or mark hazards such as tree stumps, and conduct regular checks to ensure all lighting systems are functional.",2026-06-01T00:00:00.000Z,Safety,Beginning,Negative Observation
99689,Angola,Field Facilities,Muconda_accomodation_fly_camp,Accommodation (Tented),Improper Disposal of Cigarette Butts,"Cigarette butts were found discarded in front of and behind tents, indicating that some employees are not using designated smoking areas.",Reinforce the use of designated smoking areas through continuous awareness and toolbox talks. Provide clearly marked disposal bins in smoking zones and enforce compliance through supervision and routine inspections.,2026-06-01T00:00:00.000Z,Other,Beginning,Negative Observation
99688,Angola,Field Facilities,Muconda_fly_camp,Accommodation (Company Owned),Poor Housekeeping Between Tents,"Safety boots and general waste (plastic pipes) were found scattered between tents. This messy condition can attract dangerous creatures and provide hiding places, especially during colder seasons. The area was cleaned and items properly arranged","Maintain strict housekeeping standards by ensuring all personal items are stored appropriately and waste is disposed of in designated areas. 
Assigned responsibility for cleanliness and conduct regular inspections to prevent recurrence.",2026-06-01T00:00:00.000Z,Environmental,Beginning,Negative Observation
99687,Angola,Field Facilities,Muconda_fly-camp,Accommodation (Tented),Tents Left Open (Pest/Animal Intrusion Risk),"Three (3) tents were found with door zips left open in the absence of occupants, creating easy access for snakes, scorpions, and other dangerous creatures. The tents were closed during the inspection.","Ensure all tent occupants keep entrances fully closed when not in use. 
Conduct awareness discussions with the affected occupants to reinforce the importance of this control measure. Include this in routine inspections to ensure ongoing compliance.",2026-06-01T00:00:00.000Z,Safety,Beginning,Negative Observation
99685,Angola,Company Offices,Muconda_fly_camp,Facility & Infrastructure,Damaged Kitchen Storage Shelves,The shelves in the kitchen storage area are broken and in poor condition.,"Assigned the maintenance team to repair or replace the damaged shelves without delay. 
Ensure that shelving units are structurally sound and capable of supporting the intended load. 
Redistribute stored items to reduce excessive weight on compromised shelves until repairs are completed. 
Implemented routine inspections of storage infrastructure to identify and address defects promptly, ensuring continued safety and proper food storage conditions.",2026-06-01T00:00:00.000Z,Other,Beginning,Negative Observation
99682,Angola,Company Offices,Muconda_fly-camp,Facility & Infrastructure,Water Filters,"Water filters require frequent servicing due to high levels of silt from the drying borehole, which can affect water quality.","Implement regular monitoring and servicing of water filters, increase replacement frequency, and consider installing pre-filtration systems to manage sediment levels. Maintain service records.",2026-06-01T00:00:00.000Z,Other,Beginning,Negative Observation
99680,Angola,Field Facilities,Muconda_fly_camp,Kitchen,Unsecured Gas Pipes,"Gas pipes connecting cylinders to the stove are not properly secured, increasing the risk of leaks and accidents.","Secure all gas pipes using appropriate clamps or brackets, inspect regularly for wear or leaks, and ensure compliance with gas safety standards.",2026-06-01T00:00:00.000Z,Other,Beginning,Negative Observation
99679,Angola,Company Offices,Muconda_fly_camp,Facility & Infrastructure,No Shade/Protection Over Sink Area,"The sink area is exposed, lacking shade and protection from flies, affecting user comfort and hygiene.",Install a shade net or covering over the sink area to provide protection from sun and to help reduce fly presence.,2026-06-01T00:00:00.000Z,Health / Hygiene,Beginning,Negative Observation
99677,Angola,Company Offices,Muconda_fly_camp,Facility & Infrastructure,Sink Area Without Concrete Slab,"The sink area lacks a concrete slab, resulting in poor hygiene, mud accumulation, and unstable footing.","Construct a concrete slab with proper slope to improve drainage, hygiene, and stability of the work area.",2026-06-01T00:00:00.000Z,Health / Hygiene,Beginning,Negative Observation
99676,Angola,Company Offices,Muconda_fly_camp,Facility & Infrastructure,Tripping Hazard – Exposed Electrical Cable,"An exposed electrical cable is temporarily covered by a block, which creates a tripping hazard and unsafe condition.",Remove the block and properly bury or reroute the cable through protective conduit. Ensure all cables are safely managed and eliminate temporary fixes.,2026-06-01T00:00:00.000Z,Safety,Beginning,Negative Observation
99674,Angola,Company Offices,Muconda_fly_camp,Facility & Infrastructure,Missing Fire Extinguisher Signage,"The fire extinguisher in the kitchen area does not have proper signage, making it less visible during emergencies.",Install compliant and clearly visible fire extinguisher signage and include this in regular safety inspections.,2026-06-01T00:00:00.000Z,Safety,Beginning,Negative Observation
99673,Angola,Company Offices,Muconda_fly_camp,Facility & Infrastructure,Non-Functional Fluorescent Lights,"Two fluorescent light bulbs in the kitchen are not functioning, leading to inadequate lighting conditions.",Replace the faulty bulbs immediately and implement a routine inspection schedule to maintain adequate lighting levels.,2026-06-01T00:00:00.000Z,Safety,Beginning,Negative Observation
99671,Angola,Company Offices,Muconda_fly_camp,Facility & Infrastructure,Broken Cupboard Door,"A cupboard door in the kitchen is broken, creating a risk of injury due to sharp edges or instability.",Repair or replace the cupboard door promptly. Inspect all storage units to ensure they are safe and fit for use.,2026-06-01T00:00:00.000Z,Other,Beginning,Negative Observation
99669,Angola,Field Facilities,Muconda_fly-camp_kitchen,Kitchen,Broken Chair,"A broken chair was identified in the kitchen area, posing a potential risk of injury to users due to its unstable condition. 
The chair has already been removed from the area to prevent use.","Ensure the broken chair is removed from service immediately
Dispose of or repair damaged furniture promptly.
Conduct routine inspections of kitchen furniture.",2026-06-01T00:00:00.000Z,Safety,Beginning,Negative Observation
99668,Angola,Field Facilities,Muconda_fly_camp_kitchen,Kitchen,Flies in Kitchen,"A significant presence of flies was observed in the kitchen area, creating an unhygienic environment and increasing the risk of food contamination.","Improve general kitchen hygiene and waste management.
Ensure food items are always covered and stored properly",2026-06-01T00:00:00.000Z,Health / Hygiene,Beginning,Negative Observation
99667,Angola,Field Facilities,Muconda_fly_camp,Kitchen,Unauthorized Access,"The distribution board (DB) box located near the kitchen is not barricaded or secured, allowing for potential unauthorized access. This condition presents a significant electrical hazard to personnel, including risk of electric shock or accidental contact with live components","Install a secure barricade or lockable enclosure around the DB box.
Place warning signage indicating “Authorized Personnel Only.”
Conduct regular inspections to ensure the barricade remains intact.",2026-06-01T00:00:00.000Z,Safety,Beginning,Negative Observation
99665,Angola,Company Offices,Muconda_fly_camp,Facility & Infrastructure,Poor Housekeeping in Storage Tent,"Fuel materials, including diesel containers and coal, were found stored in a disorganized manner within the storage area. This condition increases the risk of fire, spills, and unsafe handling practices.","Immediately reorganize the storage tent to ensure safe and orderly arrangement of materials.
Segregate flammable substances (diesel, coal) from other items and store them in designated areas.
Ensure proper ventilation within the storage tent.
Conduct regular inspections to maintain compliance with safety standards.",2026-06-01T00:00:00.000Z,Safety,Beginning,Negative Observation
99664,Angola,Company Offices,Muconda_fly_camp,Facility & Infrastructure,Inadequate Water Drainage,"The washing/kitchen area has inadequate water drainage due to insufficient slope, resulting in stagnant water accumulation. This creates an unhygienic environment, produces unpleasant odors, and promotes the breeding of mosquitoes and flies, increasing potential health risks.","Regrade the washing area to create adequate slope for proper water flow.
Install suitable drainage channels or soak-away systems.
Regularly remove stagnant water and disinfect affected areas.",2026-06-01T00:00:00.000Z,Health / Hygiene,Beginning,Negative Observation
99663,Angola,Company Offices,Muconda_fly_camp,Facility & Infrastructure,Poor Housekeeping Around Washing Area,"The washing area, including the vicinity of machines, pumps, and hoses, was found to be poorly maintained with visible clutter and disorganization. 
This condition creates an unsafe working environment, increasing the risk of slips, trips, and falls, and reflects inadequate hygiene standards.",Conduct immediate cleaning and removal of clutter around the washing area and properly arrange pumps and hoses to eliminate obstruction and trip hazards.,2026-06-01T00:00:00.000Z,Health / Hygiene,Beginning,Negative Observation
99662,Angola,Company Offices,Muconda_fly_camp,Facility & Infrastructure,Hazardous observation,"Only three (3) machines available; one (1) is not working, one (1) reserved for management, leaving only one (1) for the workforce.","Repair the non-functional washing machine immediately or increase the number of washing machines based on workforce size and demand.
",2026-06-01T00:00:00.000Z,Other,Beginning,Negative Observation
99617,Angola,Transport Activities,Muconda Project,Light Vehicles,Safe trip from Saurimo to Mucond,A driver reported a safe trip from Saurimo to Muconda and back.,repotrted during the toolbox meeting.,2026-05-19T00:00:00.000Z,Other,Mid-Month,Negative Observation
99616,Angola,Field Facilities,Muconda house,Accommodation (Third Party),water failure early morning,"During the early hours of the day, a lack of tap water was identified in the residences.",The maintenance team promptly detected a pipe leakage and carried out the necessary repairs.,2026-05-19T00:00:00.000Z,Other,Mid-Month,Negative Observation
99615,Angola,Field Facilities,Muconda Project,Accommodation (Tented),Forest fires,Forest fires have already been observed along the woodlands.,the observaton was mentioned during the toolbox talks of the following day.,2026-05-22T00:00:00.000Z,Safety,End-Month,Negative Observation
99476,Botswana,Field Facilities, Tsabong Field Camp.,Accommodation (Company Owned),A snake trail/track spotted while doing security patrol around the camp.,A snake trail/track spotted while doing security patrol around the camp.,"The team onsite alerted of the active presence of dangerous reptiles around the camp, before they go for hibernation as winter season creeps in.",2026-05-28T00:00:00.000Z,Safety,End-Month,Negative Observation
99475,Angola,Field Activities,Luena Moxico,Airborne Geophysics,Good observation,"Survey aircraft and medevac helicopter at the airport, both arrived yesterday.",Congratulation the team,2026-05-28T00:00:00.000Z,Other,End-Month,Positive Observation
99474,Botswana,Field Facilities,Tsabong Field Camp.,Accommodation (Company Owned),A broken air conditioner condenser drain line identified by office building block.,A broken air conditioner condenser drain line identified by office building block.,The issue logged with Operation Support team. The air conditioner switched off as the office is currently not in use.,2026-05-24T00:00:00.000Z,Other,End-Month,Negative Observation
99473,Angola,Field Activities,Lucapa,Airborne Geophysics,Good obervation,Vehicle with tank for jet fuel is leaving Lucapa now for Saurimo airport now,Well done team and congratulation,2026-05-28T00:00:00.000Z,Safety,End-Month,Positive Observation
99472,Botswana,Field Facilities, Tsabong Field Camp,Accommodation (Company Owned),Timely and safely closure of the ceiling pane that was reported to have fallen from the coreshed office building.,Timely and safely closure of the ceiling pane that was reported to have fallen from the coreshed office building. The incident was reported while the Operation Support team was away in Gaborone. The team safely closed the incident by putting back the fallen pane.,This was communicated with DBHB employees.,2026-05-21T00:00:00.000Z,Other,End-Month,Negative Observation
99418,Angola,Field Facilities,Muconda flycamp site,Accommodation (Tented),awareness of cases of flu,Some colleagues showed flu symptoms during the camp. This situation is due to the constant weather changes observed in the area.,Everyone was informed and advised to take preventive measures.,2026-05-18T00:00:00.000Z,Other,Mid-Month,Negative Observation
99401,RSA Support Services,IML,-,Workshops,Shelves at spares storeroom full of dust,Shelves at spares storeroom full of dust,Remus to arrange for the stores to be cleaned quarterly,2026-05-26T00:00:00.000Z,Other,End-Month,Negative Observation
99089,RSA Support Services,Support Services, Fishbowl conference room,Offices & Recreation,Meeting room light left on,Light was left on in meeting room for an unknown period - this is a room without the automatic light sensors.,Light switched off.,2026-05-18T00:00:00.000Z,Other,Mid-Month,Negative Observation
98953,Botswana,Field Facilities, Tsabong Field Camp.,Accommodation (Company Owned),A bird found dead within the Office block.,A bird found dead within the Office block during patrol by Security Officer.,It was removed so that it does not attract other creatures that might feed on it.,2026-05-13T00:00:00.000Z,Other,Mid-Month,Negative Observation
98952,Angola,Sample Processing,Muconda Project - Drill site,Facility & Offices,Good housekeeping,Good housekeeping was identified at the drill site operated by Mitchell Company.,The team managers were informed accordingly.,2026-05-13T00:00:00.000Z,Safety,Mid-Month,Positive Observation
98926,Angola,Transport Activities,"Muconda Project, Lunda-Sul",Light Vehicles,The kitchen staff at the fly camp demonstrated commendable performance.,"Despite being a small team, they are delivering outstanding results.",They were acknowledged during the toolbox talks held this week.,2026-05-13T00:00:00.000Z,Other,Mid-Month,Negative Observation
98923,Angola,Field Facilities,Muconda Guest house,Accommodation (Company Owned),Good housekeeping,Was identified a big improvement in the general housekeeping in the guest houses.,team informed.,2026-05-12T00:00:00.000Z,Safety,Mid-Month,Positive Observation
98922,Angola,Field Facilities,Muconda guest house,Kitchen,Slipery floor,"The floor around the oven was slippery, probably due to residual cooking oil, and had not been properly cleaned.",The cleaning staff were informed and subsequently cleaned it thoroughly.,2026-05-12T00:00:00.000Z,Safety,Mid-Month,Negative Observation
98877,Angola,Company Offices,Office,Facility & Infrastructure,The elevator button base on the ground floor was loose.,"As I was pressing the button to call the elevator, I noticed a clicking metal noise. In a close inspection a realized that the base of the button was loose. I believe if it left unattended it could fall or damaged somehow, making the elevators out of order (not able to call from the ground floor.)","I have immediate reported to the building maintenance team, and they were able to fix it properly.
",2026-05-12T00:00:00.000Z,Other,Mid-Month,Negative Observation
98874,Angola,Transport Activities,Saurimo road,Light Vehicles,Driving up to speed,"On the Saurimo–Muconda route, the Omega driver reduced speed only while descending a 10% slope.","The hazard was observed, and immediate attention was called to it at the time.",2026-05-11T00:00:00.000Z,Other,Mid-Month,Negative Observation
98860,RSA Support Services,Field Laboratories, Analytical,Offices & Recreation,Housekeeping Observation – AutoSEM Compressor Shelter,"The shelter for the AutoSEM compressor was found to have leaves and dirt accumulation. A request was made for the area to be cleaned to ensure it is kept free from dust and debris.
Regular housekeeping is important to maintain a clean and safe working environment.",A request was made for the area to be cleaned to ensure it is kept free from dust and debris. Email sent to Empact.,2026-05-13T00:00:00.000Z,Safety,Mid-Month,Negative Observation
98850,RSA Support Services,Field Laboratories,STC,Treatment & Processing,Observation,one of the lights in the LST lab is not working,Reported to the supervisor,2026-05-13T00:00:00.000Z,Other,Mid-Month,Negative Observation
98763,RSA Support Services,Field Laboratories, Recovery lab,Sorting & Analysis,Remus safely installed all the MDL equipment in the IMLR,Remus safely installed all the microscopes and camera in the IMLR. He also moved the cameras from the old classification section to the main lab. He followed the lifting technique; he had the correct signs for conducting work.,Informed the Technical manager and maintenance supervisor of the work done and thanked for the safe work.,2026-05-11T00:00:00.000Z,Other,Mid-Month,Negative Observation
98757,Angola,Field Activities,Muconda SE (drill site 199_X005_H001),Drilling (Core & LLD),Broken tool parts at the site,"The team uses inappropriate tools for tasks (e.g. broken head of a wrench used for breaking core, instead of a hammer)",It was brought to the supervisor's attention and the piece was removed. Team was alerted of this.,2026-05-09T00:00:00.000Z,Other,Beginning,Negative Observation
98510,Botswana,Field Facilities,Tsabong Field Camp.,Accommodation (Company Owned),A Spider found inside the guard room.,A Spider found inside the guard room.,The team advised to continually maintain good housekeeping in the guardroom so as to avoid creatures hiding inside. The SLAM is also emphasized.,2026-05-07T00:00:00.000Z,Safety,Beginning,Negative Observation
98509,Botswana,Field Facilities, Tsabong Field Camp.,Accommodation (Company Owned),A spider spotted in the kitchen during cleanup campaign.,A spider spotted in the kitchen during cleanup campaign.,The team notified of the presence of creatures around this time of the year. The importance of SLAM reinforced.,2026-05-07T00:00:00.000Z,Safety,Beginning,Negative Observation
98508,Botswana,Field Facilities, Tsabong Field Camp.,Accommodation (Company Owned),A Scorpion spotted during camp patrol.,A Scorpion spotted during camp patrol.,"The team advised to always SLAM, and more importantly, the use of closed shoes and PPE reinforced in the camp.",2026-05-05T00:00:00.000Z,Safety,Beginning,Negative Observation
98507,Botswana,Field Facilities,Tsabong Field Camp.,Accommodation (Company Owned),Wasp nests found around the workshop area.,Wasp nests found around the workshop area. This were picked during a camp patrol by Security Officer.,The team alerted and advised remaining vigilant when making walkabouts in the camp. The importance of SLAM emphasized.,2026-05-04T00:00:00.000Z,Safety,Beginning,Negative Observation
98506,Botswana,Field Facilities,Tsabong Field Camp.,Accommodation (Company Owned),Security Officers onsite voluntarily trim (cut) the overhanging tree branches that pose safety risks to camp occupants.,Security Officers onsite voluntarily trim (cut) the overhanging tree branches that pose safety risks to camp occupants.,The team onsite recognized for the valuable contribution they make towards achieving a safe work place.,2026-05-04T00:00:00.000Z,Other,Beginning,Negative Observation
98505,Botswana,Field Facilities,Tsabong Field Camp,Accommodation (Company Owned),A Scorpion found underneath the dustbin in the ablution block.,A Scorpion found underneath the dustbin in the ablution block.,"The team advised to always be vigilant when picking up items, and more importantly to always SLAM. The scorpion safely removed from the ablution block.",2026-05-04T00:00:00.000Z,Safety,Beginning,Negative Observation
98504,Botswana,Field Facilities, Tsabong Field Camp.,Accommodation (Company Owned),"Over extended and dead tree branches, likely to snap and fall into a person, or blocking the pathway.","Over extended and dead tree branches, likely to snap and fall into a person, or blocking the pathway.",The overhanging branches were trimmed.,2026-05-03T00:00:00.000Z,Other,Beginning,Negative Observation
98503,Botswana,Field Facilities, Tsabong Field Camp.,Accommodation (Company Owned),Office block entrance ceiling fell down.,Office block entrance ceiling fell down.,The Operation Support team notified.,2026-05-01T00:00:00.000Z,Other,Beginning,Negative Observation
98438,Angola,Field Facilities,Muconda drill camp,Accommodation (Tented),Cracked bowl,It was observed that on the shelf a glass serving bowls was cracked.,It was removed and disposed of,2026-05-01T00:00:00.000Z,Other,Beginning,Negative Observation
98437,Angola,Field Facilities,Muconda drill camp,Accommodation (Tented),Lots of ants,"after the rains there is a big increase in the ant activity at the camps, lots of ants arrount the kitchen area and other areas",the situation is being managed with insect spray and has improved,2026-05-01T00:00:00.000Z,Other,Beginning,Negative Observation
98436,Angola,Field Facilities,Muconda Drill camp,Accommodation (Tented),Water pump not working,The water pump managing the kitchen waste water started tripping the electricity,It was reported to the Opps team and the pump was replaced,2026-05-02T00:00:00.000Z,Environmental,Beginning,Negative Observation
98433,Angola,Company Offices,  Basement 1,Office Activities,Driver with low capacity to reverse park,"A user of the basement park space, has been showing to have difficulties to reverse park.
And today did create a situation where it could have lead to a traffic jam in the basement.","Observation, was firts spoken on the safety meeting held every wednesday, and then reported to the building management office.",2026-05-06T00:00:00.000Z,Safety,Beginning,Negative Observation
98432,RSA Support Services,Field Laboratories,IML Maintenance workshop,Workshops,cold weather impact on maintenance workshop activities,notice during a planned activity how challenging it is becoming to operate thread cutting or lathe equipment. You cannot operate this equipment with gloves due to the low gearing on the rotating components.,Stopped with our work and had a discussion around being aware of these type of components and how these cold climate and behavior changes on winter.,2026-05-06T00:00:00.000Z,Other,Beginning,Negative Observation
98431,Angola,Field Facilities,Lucapa Camp,Accommodation (Company Owned),Community throwing rubbish over the fence,It was noted that Community or children have been throwing rubbish over the fence near the back of the camp,"It was reported to Omega to place a guard in this area, and the litter was cleaned up",2026-05-06T00:00:00.000Z,Safety,Beginning,Negative Observation
98422,Angola,Field Facilities,Muconda House,Accommodation (Third Party),Hygienic Conditions,"Cross Contamination of meat in freezer - R1 Kitchen chicken, pork and beef mixed loosely on one site (not in bags) and tripe meat on the other side",Informed responsible person immediately,2026-04-16T00:00:00.000Z,Safety,Mid-Month,Negative Observation
98421,Angola,Field Facilities,Muconda House,Accommodation (Third Party),Hygienic Conditions,No Hygiene signage/awareness posters displayed (requiring washing of hands after using toilet and prior to eating in place at toilet and mess / kitchen),Informed Responsible person,2026-04-16T00:00:00.000Z,Health / Hygiene,Mid-Month,Negative Observation
98419,Angola,Field Facilities,Muconda House,Accommodation (Third Party),Hygienic Conditions,"No Deep cleaning in Kitchen, changeroom, laundry
Cupboards need to be cleaned, handles and doors very sticky
No Non-slip mats in wet area",Informed responsible person,2026-04-16T00:00:00.000Z,Other,Mid-Month,Negative Observation
98418,Angola,Field Facilities,Muconda House,Accommodation (Third Party),Hygienic Conditions,"Cook is wearing a plastic bag on his head, no catering cap available",Informed responsible person,2026-05-06T00:00:00.000Z,Other,Beginning,Negative Observation
98417,Angola,Field Facilities,Muconda House,Accommodation (Third Party),Structural conditions,"Additional Illumination required for the parking area as the premises is very dark during the night. Lights in front of at L1 and main tv room not working, Laundry Room, Both Toilets, lights not working, Blown lights to be replaced and investigate additional areas for more illumination
Laundry Toilets - no toilet seat on both toilets 
Few windows of the bathrooms does not close and L1 Back bedroom has no door handle on bathroom 
L1 Kitchen - Unidentified exposed wires inside cupboard
R1 Kitchen - Plug Point loose 
Main DB on Premises - back plate loose and not locked 
User DB - not properly labelled.

",Informed Responsible person,2026-04-16T00:00:00.000Z,Other,Mid-Month,Negative Observation
98416,Angola,Field Facilities,Muconda House,Accommodation (Third Party),Environmental Mangement,"No Safety Data Sheets available at Muconda House 
No Chemical Inventory 
No Signage and volume are displayed at chemical storage areas 
No Chemical Store Access controlled 
Unmarked container found at Generator",Informed the responsible person,2026-04-16T00:00:00.000Z,Environmental,Mid-Month,Negative Observation
98415,Angola,Field Facilities,Muconda House,Accommodation (Third Party),Environmental Management,"Gas cylinders in cage not chained and cylinder at oil store not chained 
Generator - no drip tray available for stored chemicals",Informed responsible person,2026-04-16T00:00:00.000Z,Environmental,Mid-Month,Negative Observation
98414,Angola,Field Facilities,Muconda House,Accommodation (Third Party),Communication and Notice Boards,"Not Notice board available that display the following: De Beers Values, SHE Policy, Employee Assistance Program (EAP), ERP, etc. Safety Meeting Minutes, Workplace Inspections, SHEC Alerts, HIV AIDS, Typhoid, Malaria, Snake and other awareness posters/ information appropriate to the location",Informed the responsible person,2026-05-06T00:00:00.000Z,Safety,Beginning,Negative Observation
98413,Angola,Field Facilities,Muconda House,Accommodation (Third Party),Emergency Prepardness,Hand Siren Tested and Working,Positive observation,2026-04-16T00:00:00.000Z,Other,Mid-Month,Negative Observation
98412,Angola,Field Facilities,Muconda House,Accommodation (Third Party),Emergency Response,"No Emergency Response Plan at Muconda House 
No Organogram displayed 
No Noticed board with list displayed 
No AED onsite
",Informed the responsible person,2026-04-16T00:00:00.000Z,Emergency Preparedness,Mid-Month,Negative Observation
98411,Angola,Field Facilities,Muconda Fly Camp,Accommodation (Tented),Hygienic Conditions,No Pest Control Register in place,Informed responsible person,2026-04-14T00:00:00.000Z,Other,Mid-Month,Negative Observation
98410,Angola,Field Facilities,Muconda Fly Camp,Accommodation (Tented),Hygienic Conditions,"OFI - Due to fly camp, a lot of flies are in the dining area and kitchen area",Informed the responsible person,2026-04-14T00:00:00.000Z,Health / Hygiene,Mid-Month,Negative Observation
98409,Angola,Field Facilities,Muconda Fly Camp,Accommodation (Tented),Hygienic Conditions,"Wi-Fi Storeroom - Bag with chicken meat in freezer, no indication of when it has been delivered or how old it is",Informed the responsible person,2026-04-14T00:00:00.000Z,Safety,Mid-Month,Negative Observation
98408,Angola,Field Facilities,Muconda Fly Camp,Accommodation (Tented),Hygienic Conditions,No Posters displayed in Toilets of Hygienic practices,Informed the responsible person,2026-05-06T00:00:00.000Z,Other,Beginning,Negative Observation
98407,Angola,Field Facilities,Muconda Fly Camp,Accommodation (Tented),Hygienic Conditions,"Store Room - Poor stacking on shelves, weight is to much it has bended the shelves 
Kitchen Area - Stacking on top of locker to be removed",Reported to Responsible Person,2026-04-14T00:00:00.000Z,Other,Mid-Month,Negative Observation
98406,Angola,Field Facilities,Muconda Fly Camp,Accommodation (Tented),Hygienic Conditions,"Kitchen area and Kitchen Container - very unhygienic. Extractor Fan, Light Covers, Cupboards and plugs need to be properly cleaned",Informed responsible Person,2026-05-06T00:00:00.000Z,Other,Beginning,Negative Observation
98405,Angola,Field Facilities,Muconda Fly Camp,Accommodation (Tented),Hygiene Conditions,No Deep cleaning conducted,Informed Responsible Person,2026-04-14T00:00:00.000Z,Other,Mid-Month,Negative Observation
98404,Angola,Field Facilities,Muconda Fly Camp,Accommodation (Tented),Hygienie Conditions,Good Control over Food,Positive observations,2026-05-06T00:00:00.000Z,Health / Hygiene,Beginning,Negative Observation
98403,Angola,Field Facilities,Muconda Fly Camp,Accommodation (Company Owned),Hygiene Conditions,Kitchen Container - Chemicals and Consumables MIXED,Reported to responsible person,2026-04-14T00:00:00.000Z,Environmental,Mid-Month,Negative Observation
98402,Angola,Field Facilities,Muconda Fly Camp,Accommodation (Company Owned),Eletrical Installations,"All User DB are not labelled (Laundry, Office,  Office, Medical Station, etc.)
Men's Toilet light not working 
",Reported to responsible person,2026-04-14T00:00:00.000Z,Other,Mid-Month,Negative Observation
98401,Angola,Field Facilities,Muconda Fly Camp,Accommodation (Company Owned),Unsafe Act,Found a cleaner standing on a chair to clean the top walls in the showers,Stopped the cleaner and coached him,2026-04-14T00:00:00.000Z,Other,Mid-Month,Negative Observation
98400,Angola,Field Facilities,Muconda Fly Camp,Accommodation (Company Owned),Fly Camp Equipment,Storage Tent - Damaged machete has been identified,Asked the employees to bend it and discard it,2026-04-14T00:00:00.000Z,Safety,Mid-Month,Negative Observation
98399,Angola,Field Facilities,Muconda Fly Camp,Accommodation (Company Owned),Fly Camp Equipment,Damaged chair found in front of the Tent,Broken Chair was removed and legs broken off to be discarded,2026-04-14T00:00:00.000Z,Safety,Mid-Month,Negative Observation
98398,Angola,Field Facilities,Muconda Fly Camp,Accommodation (Company Owned),Environmental Management,"Unidentified waste bins next to Laundry 
Unmarked containers in Laundry Room",Reported to responsible person,2026-04-14T00:00:00.000Z,Environmental,Mid-Month,Negative Observation
98397,Angola,Field Facilities,Muconda Fly Camp,Accommodation (Company Owned),Environmental Mangement,"Chemicals not stored in a secured area
Storage Tent - Chemicals stored on ground with no preventative measures to prevent spillage 
No Safety Data Sheets for any Chemicals used at Camp 
No Inventory List available at the camp 
Generator has a Plastic Tarp Underneath, no preventation in case of rain
No Signs Displayed
No Access control
",Repsonisble person has been informed,2026-05-06T00:00:00.000Z,Environmental,Beginning,Negative Observation
98396,Angola,Field Facilities,Muconda Fly Camp,Accommodation (Company Owned),Communication and Notice Boards,"No Noticeboard with the following displayed Companys Values, SHE Policy, Employee Assistance Program (EAP), ERP, etc., Safety Meeting Minutes, Workplace Inspections, SHEC Alerts, HIV AIDS, Typhoid, Malaria, Snake and other awareness posters/ information appropriate to the location",Reported to responsible person,2026-04-14T00:00:00.000Z,Safety,Mid-Month,Negative Observation
98395,Angola,Field Facilities,Muconda Fly Camp,Accommodation (Company Owned),Fly Camp Housekeeping,Tent Bags are left on the fire break wall,"Informed responsible person, and was removed",2026-04-14T00:00:00.000Z,Safety,Mid-Month,Negative Observation
98394,Angola,Field Facilities,Muconda House,Accommodation (Company Owned),Camp perimeter,Fire break at the  Tents are less than a meter in width,Informed responsible person,2026-04-14T00:00:00.000Z,Safety,Mid-Month,Negative Observation
98393,Angola,Field Facilities,Muconda Fly Camp,Accommodation (Company Owned),Emergency Prepardness,Roll call list not available,Informed responsible person,2026-04-14T00:00:00.000Z,Other,Mid-Month,Negative Observation
98392,Angola,Field Facilities,Muconda Fly Camp,Accommodation (Company Owned),Emergency Prepardness,Good Control over Medication,Informed responsible person,2026-05-06T00:00:00.000Z,Other,Beginning,Negative Observation
98391,Angola,Field Activities,Muconda Fly Camp,Other,Emergency Prepardness,"During the day, The paramedic was called over the radio, however no response as the only radio is in the ambulance and the paramedic is not always in ambulance","After discussion with relevant parties, a portable radio was given to the current onsite paramedic as he is sitting in the office",2026-04-14T00:00:00.000Z,Other,Mid-Month,Negative Observation
98390,Angola,Field Facilities,Muconda Fly Camp,Accommodation (Company Owned),Environmental Managerment,No Spill kit available at the camp,Reported to responsible person,2026-04-14T00:00:00.000Z,Environmental,Mid-Month,Negative Observation
98389,Angola,Field Facilities,Muconda Fly Camp,Accommodation (Company Owned),Medical Office,Floor Unstable when walking in container,Reported to responsible persons,2026-04-14T00:00:00.000Z,Other,Mid-Month,Negative Observation
98387,Angola,Field Facilities,Muconda Fly Camp,Accommodation (Company Owned),Fire Equipment,Fire extinguisher stored on the ground next to the tents in direct sunlight and rain at Mitchell Drilling Side,Reported to responsible person,2026-04-14T00:00:00.000Z,Safety,Mid-Month,Negative Observation
98386,Angola,Field Activities,Muconda Fly Camp,Drilling (Core & LLD),Emergency Response,"No ERP available or posted. No Camp Layout available 
No ERT Displayed",Informed responsible person,2026-04-14T00:00:00.000Z,Emergency Preparedness,Mid-Month,Negative Observation
98350,Angola,Field Activities,Mitchell Drilling,Drilling (Core & LLD),Safety Data Sheets,No Safety Data Sheets could be produced during the audit,Reported to SHE Rep of Mitchell,2026-04-14T00:00:00.000Z,Other,Mid-Month,Negative Observation
98346,RSA Support Services,Support Services,-,Offices & Recreation,Observation,New first aiders not added to the Emergency contact list,Notified the ECOHS team.,2026-04-21T00:00:00.000Z,Emergency Preparedness,End-Month,Negative Observation
98339,Angola,Transport Activities, Vehicles,Light Vehicles,Vehicle Audit,Congratulations to the engineering team for maintaining all vehicles to a high standard.,Informed Responsible person,2026-04-11T00:00:00.000Z,Safety,Mid-Month,Negative Observation
98338,Angola,Field Facilities,Lucapa Camp,Accommodation (Company Owned),No signs of rodents or insects,Rats observed during the night at the dinning area,Poison has been placed,2026-05-05T00:00:00.000Z,Other,Beginning,Negative Observation
98337,Angola,Field Facilities,Lucapa Camp,Kitchen,Housekeeping with in the kitchen,"Overhead extractor in Kitchen needs to be cleaned, Area behind fridge to be cleaned, drain point in middle of kitchen to be cleaned",Informed Responsible person,2026-04-11T00:00:00.000Z,Other,Mid-Month,Negative Observation
98336,Angola,Field Facilities,Lucapa Camp,Accommodation (Company Owned),Deep Cleaning,No Deep cleaning conducted in these facilities,"Discussed with Responsible person to deep clean the floor tiles, the side will be washed as the tiles has been painted",2026-04-11T00:00:00.000Z,Other,Mid-Month,Negative Observation
98335,Angola,Field Facilities,Lucapa Camp,Kitchen,Expired Food,Expired Canned food (Vienna's - 02/04/2026) and Vegetable Stock Identified in Freezer and Kitchen Storeroom,Removed immediately,2026-04-11T00:00:00.000Z,Health / Hygiene,Mid-Month,Negative Observation
98334,Angola,Field Facilities,Lucapa Camp,Kitchen,Hygiene,"FIFO (First In, First Out) could not be produced",Informed Responsible person,2026-04-11T00:00:00.000Z,Other,Mid-Month,Negative Observation
98333,Angola,Field Facilities,Lucapa Camp,Kitchen,Ventilation,Extractor fan in kitchen not working,Responsible person informed,2026-04-11T00:00:00.000Z,Other,Mid-Month,Negative Observation
98330,Angola,Field Facilities,Lucapa Camp - Core Shed,Core Logging,Electrical Installation,"Core Shed - Extension cable running over walkway - Additional Plug to be installed in front of Container 6
Core Shed - DB missing labels and Feed from and Quarterly Inspection",Informed Responsible Person,2026-04-11T00:00:00.000Z,Safety,Mid-Month,Negative Observation
98329,Angola,Field Facilities,Lucapa Camp,Workshop,Electrical Installation,Electrical plugs not numbered and Workshop (Tyre Bay) DB not locked,Informed Responsible Person,2026-04-11T00:00:00.000Z,Safety,Mid-Month,Negative Observation
98328,Angola,Field Facilities,Lucapa Camp,Accommodation (Company Owned),Water Management,"Gutters at offices need to be cleaned, blocked with leaves",Gutters at offices was cleaned immediately,2026-04-11T00:00:00.000Z,Other,Mid-Month,Negative Observation
98327,Angola,Field Facilities,Lucapa Camp,Accommodation (Company Owned),Equipment's at Omega Facilities,"Identified a damaged knife with no handle in Omega change room, Identified a shovel with damaged handle at Omega Change Room",Removed Immediately,2026-04-11T00:00:00.000Z,Other,Mid-Month,Negative Observation
98326,Angola,Field Facilities,Lucapa Camp,Accommodation (Company Owned),Bundwalls,Volume not displayed at Paint store,Informed Responsible Person,2026-04-11T00:00:00.000Z,Other,Mid-Month,Negative Observation
98325,Angola,Field Facilities,Lucapa Camp,Accommodation (Company Owned),Chemical Inventory,No Inventory list available for camp,Informed Responsible Person,2026-04-11T00:00:00.000Z,Other,Mid-Month,Negative Observation
98324,Angola,Field Facilities,Lucapa Camp,Accommodation (Company Owned),Safety Data Sheets,No Safety Data Sheets displayed at the point of use throughout Lucapa Camp,Informed Responsible Person,2026-04-11T00:00:00.000Z,Other,Mid-Month,Negative Observation
98322,Angola,Field Facilities,Lucapa Camp,Accommodation (Company Owned),Environmental Management,Garden Shed - Gas cylinders not chained,Informed Responsible Person,2026-04-11T00:00:00.000Z,Environmental,Mid-Month,Negative Observation
98321,Angola,Field Facilities,Lucapa Camp,Accommodation (Company Owned),Communication and Notice Boards,"Safety Meeting Minutes, Workplace Inspections, SHEC Alerts, De Beers Values, SHE Policy, Employee Assistance Program (EAP), ERP, etc., HIV AIDS, Typhoid, Malaria, Snake and other awareness posters/ information appropriate to the location are not displayed",Informed Responsible Person,2026-04-11T00:00:00.000Z,Safety,Mid-Month,Negative Observation
98320,Angola,Field Facilities,Lucapa Camp,Accommodation (Company Owned),Emergency Rollcall list,"No List available, Noticeboard to be updated",Informed responsible person,2026-04-11T00:00:00.000Z,Other,Mid-Month,Negative Observation
98319,Angola,Field Facilities,Lucapa Camp,Workshop,Emergency Equipment,Workshop (Tyre Bay) Eye wash bottles almost empty,Eye wash bottles to be replace with those at the Office Block,2026-04-11T00:00:00.000Z,Other,Mid-Month,Negative Observation
98318,Angola,Field Facilities,Lucapa Camp,Accommodation (Company Owned),Medical Equipment,AED - 9V Batteries are flat,Batteries to be replaced,2026-04-11T00:00:00.000Z,Emergency Preparedness,Mid-Month,Negative Observation
98317,Angola,Field Facilities,Lucapa Camp,Accommodation (Company Owned),Fire Extinguishers,"OFI - With reduced area usages, fire extinguishers can be allocated more closer to the buildings",Informed Responsible Person,2026-04-11T00:00:00.000Z,Safety,Mid-Month,Negative Observation
98316,Angola,Field Facilities,Lucapa Camp,Accommodation (Company Owned),Fire Equipment,Outside Kitchen - Fire Extinguisher obstructed by dustbins,Dust bins to be removed,2026-04-11T00:00:00.000Z,Safety,Mid-Month,Negative Observation
98315,Angola,Field Facilities,Lucapa Camp,Accommodation (Company Owned),Notice Board,"Emergency Response Plan current, available and posted, Emergency Response Team Organogram (Pictures) not displayed",Informed responsible person,2026-04-11T00:00:00.000Z,Emergency Preparedness,Mid-Month,Negative Observation
98146,Botswana,Field Facilities,Tsabong Field Camp.,Accommodation (Company Owned),Nonfunctional Fire Extinguishers identified at coreshed and sewage plant.,"Nonfunctional Fire Extinguishers identified at coreshed and sewage plant. The pressure gauge needles are in the red zone, an indication that they are under pressure (low pressure), therefore likely not to discharge during a fire emergency.",All the faulty fire extinguishers were immediately replaced by serviced ones.,2026-04-28T00:00:00.000Z,Safety,End-Month,Negative Observation
98145,Botswana,Field Facilities,Tsabong Field Camp.,Accommodation (Company Owned),Snake tracks spotted during camp patrol in Tsabong DBHB Field camp.,Snake tracks spotted during camp patrol in Tsabong DBHB Field camp.,The field team reminded of the presence of dangerous creatures around the camp. The importnace of constant SLAM and always being vigilant was reemphasized.,2026-04-27T00:00:00.000Z,Safety,End-Month,Negative Observation
98144,Botswana,Field Facilities,Tsabong Field Camp.,Accommodation (Company Owned),A wasp spotted in front of the office block exit door.,"A wasp spotted in front of the office block exit door. As the nest is located in the office block exit door area, it poses a safety risk for anyone entering or exiting the space.",The wasp nest was safely removed.,2026-04-26T00:00:00.000Z,Safety,End-Month,Negative Observation
98143,Botswana,Field Facilities,Tsabong  Field Camp.,Accommodation (Company Owned),"A large, woody shrub and climbing vines have grown through the chain-link mesh.","A large, woody shrub and climbing vines have grown through the chain-link mesh. The thickness of the stems is beginning to warp the wire, and the weight of the vines could cause the fence to sag or pull out of alignment.",The shrub was immediately removed.,2026-04-25T00:00:00.000Z,Other,End-Month,Negative Observation
98102,Angola,Field Activities,Muconda_drill_site,Drilling (Core & LLD),Safe Work Completion,"Tasks completed safely with work area restored after completion.
",Maintain safe task closure practices and include area restoration in task close‑out requirements.,2026-04-29T00:00:00.000Z,Other,End-Month,Negative Observation
98101,Angola,Sample Processing,Lucapa_campsite,Waste Management,Compliance With Environmental Controls,"Environmental protection measures correctly applied during work.
","Maintain environmental compliance, Include environmental checks in inspections.",2026-04-29T00:00:00.000Z,Other,End-Month,Negative Observation
98100,Angola,Field Facilities,Lucapa campsite,Kitchen,Positive Attitude Toward Safety,"Workers displayed a positive attitude toward safety requirements.
",Encourage continued safety engagement and recognize positive safety behavior during meetings.,2026-04-29T00:00:00.000Z,Other,End-Month,Positive Observation
98099,Angola,Company Offices,Lucapa campsite,Facility & Infrastructure,No Congestion in Work Area,"Work area free from congestion, allowing safe movement.
",Maintain adequate space management and control number of personnel per task area.,2026-04-29T00:00:00.000Z,Other,End-Month,Negative Observation
98098,Angola,Company Offices,Muconda_drill_site_workshop,Facility & Infrastructure,Proper Storage of Personal Protective Equipment,"PPE stored correctly when not in use.
",Maintain good PPE storage practices and provide designated PPE storage areas.,2026-04-29T00:00:00.000Z,Safety,End-Month,Negative Observation
98097,Angola,Field Activities,Muconda_drill_site,Drilling (Core & LLD),Effective Communication Between Workers,"Clear communication observed throughout task execution.
",Sustain effective communication practices and encourage confirmation of instructions before starting tasks.,2026-04-29T00:00:00.000Z,Other,End-Month,Negative Observation
98096,Angola,Field Activities,Muconda_drill_site,Materials Handling,Good Task Sequencing,"Work activities were sequenced logically to minimize risk exposure.
",Maintain proper task sequencing and verify sequencing during work planning.,2026-04-29T00:00:00.000Z,Other,End-Month,Positive Observation
98095,Angola,Field Activities,Muconda_drill_site,Drilling (Core & LLD),Preparedness for Emergency Situations,"Workers demonstrated awareness of emergency response procedures.
",Reinforce emergency preparedness and review emergency arrangements during safety meetings.,2026-04-29T00:00:00.000Z,Emergency Preparedness,End-Month,Negative Observation
98094,Angola,Field Activities,Muconda_drill_site,Ground Geophysics,Safe Equipment Positioning,"Equipment positioned safely and not obstructing access routes.
",Continue correct equipment positioning and confirm positioning during site inspections.,2026-04-29T00:00:00.000Z,Other,End-Month,Negative Observation
98093,Angola,Field Activities,Muconda_drill_site,Drilling (Core & LLD),Respect for Safety Boundaries,"Personnel complied with barricades and exclusion zones.
",Maintain respect for safety boundaries and inspect boundaries routinely.,2026-04-29T00:00:00.000Z,Other,End-Month,Negative Observation
98092,Angola,Field Activities,Muconda_drill_site_workshop,Materials Handling,Correct Handling of Materials,"Materials handled carefully, avoiding unsafe movements or postures.
",Sustain careful material handling and reinforce correct handling techniques during training.,2026-04-29T00:00:00.000Z,Other,End-Month,Negative Observation
98091,Angola,Field Activities,Muconda_drill_site,Drilling (Core & LLD),Proactive Supervision,"Supervision proactively addressed potential risks before work progressed.
",Continue proactive supervision approach and include risk review in daily supervision tasks.,2026-04-29T00:00:00.000Z,Other,End-Month,Negative Observation
98090,Angola,Field Activities,Muconda_drill_site,Drilling (Core & LLD),Accurate Use of Safety Documentation,"Work conducted in accordance with approved procedures and assessments.
",Maintain procedural discipline and ensure documentation is available at point of work.,2026-04-29T00:00:00.000Z,Other,End-Month,Negative Observation
98089,Angola,Field Activities,Muconda_drill_site,Drilling (Core & LLD),Compliance With Site Rules,"Site safety rules clearly followed during observed activities.
",Sustain compliance culture and reinforce site rules during toolbox talks.,2026-04-29T00:00:00.000Z,Other,End-Month,Negative Observation
98088,Angola,Field Activities,Muconda_drill_site,Drilling (Core & LLD),Safe Interaction Between Teams,"Employees and contractors coordinated activities safely and effectively.
",Promote continued coordination and encourage cross‑team communication during daily planning.,2026-04-29T00:00:00.000Z,Other,End-Month,Negative Observation
98087,Angola,Sample Processing,Muconda_drill_site,Waste Management,Good Waste Control,"Waste generated during activities was controlled and promptly removed.
",Maintain effective waste control measures and include waste checks in task completion reviews.,2026-04-29T00:00:00.000Z,Environmental,End-Month,Positive Observation
98086,Angola,Field Activities,Muconda_drill_site,Drilling (Core & LLD),Clear Identification of Work Areas,"Work areas clearly defined and controlled to prevent unauthorized access.
",Maintain area control measures and review demarcation during inspections.,2026-04-29T00:00:00.000Z,Other,End-Month,Negative Observation
98085,Angola,Field Activities,Muconda_drill_site,Drilling (Core & LLD),Effective Pre‑Task Planning,"Task planning discussions conducted prior to work commencement.
",Continue structured pre‑task planning and Supervisors to verify planning discussions daily.,2026-04-29T00:00:00.000Z,Other,End-Month,Negative Observation
98084,Angola,Field Activities,Muconda_drill_site,Drilling (Core & LLD),Orderly Worksite Conditions,"Worksite observed in an orderly condition with no unnecessary materials present.
",Sustain orderly work practices and reinforce “clean as you go” expectations during briefings.,2026-04-29T00:00:00.000Z,Other,End-Month,Negative Observation
98083,Angola,Field Activities,Muconda_drill_site,Drilling (Core & LLD),Proper Use of Safety Gear,"Personnel consistently used mandatory safety gear throughout task execution.
",Maintain current safety gear compliance levels and continue monitoring during routine site walk‑arounds.,2026-04-29T00:00:00.000Z,Other,End-Month,Negative Observation
98082,Angola,Sample Processing,Lucapa_campsite,Waste Management,Waste Removal After Task,"Waste removed immediately after completion of work.
","Maintain post‑task cleanup practice, include waste removal as part of task closure checklist.",2026-04-29T00:00:00.000Z,Environmental,End-Month,Negative Observation
98081,Angola,Company Offices,Lucapa_campsite,Facility & Infrastructure,Positive Safety Culture,"Overall strong safety awareness and positive attitude observed.
",Reinforce positive safety culture and recognize and acknowledge safe behaviors regularly.,2026-04-29T00:00:00.000Z,Other,End-Month,Positive Observation
97997,Angola,Field Activities,Muconda_drill_site,Drilling (Core & LLD),Absence of Unsafe Acts,"No unsafe acts observed during site inspection.
","Maintain compliance with SHE rules, continue routine inspections and VFL engagements.",2026-04-28T00:00:00.000Z,Other,End-Month,Negative Observation
97996,Angola,Field Activities,Muconda_drill_site,Drilling (Core & LLD),Cooperative Teamwork,"Good cooperation observed between employees and contractors.
",Promote continued teamwork and encourage joint safety discussions and engagement.,2026-04-28T00:00:00.000Z,Other,End-Month,Negative Observation
97995,Angola,Field Activities,Muconda_drill_site,Drilling (Core & LLD),Emergency Awareness,"Employees demonstrated knowledge of evacuation routes and assembly points.
",Reinforce emergency awareness and review emergency procedures during toolbox talks.,2026-04-28T00:00:00.000Z,Other,End-Month,Negative Observation
97994,Angola,Field Activities,Muconda_drill_site,Drilling (Core & LLD),Safety Signage Compliance,"Workers respected safety signage and restricted areas.
","Maintain signage awareness, and ensure signage remains visible and updated.",2026-04-28T00:00:00.000Z,Other,End-Month,Negative Observation
97993,Angola,Field Activities,Muconda_drill_site,Drilling (Core & LLD),Manual Handling Practices,"Workers applied correct manual handling techniques.
",Maintain good manual handling practices and continue refresher training and supervision.,2026-04-28T00:00:00.000Z,Other,End-Month,Negative Observation
97992,Angola,Sample Processing,Muconda_drill_site_workshop,Storage & Handling,Safe Material Storage,"Materials stacked safely and neatly.
",Maintain proper storage practices and designate and label storage areas clearly.,2026-04-28T00:00:00.000Z,Other,End-Month,Negative Observation
97991,Angola,Field Activities,Muconda_workshop_drill_site,Materials Handling,Correct PPE Selection,"Employees using task‑specific PPE correctly.
",Sustain correct PPE selection awareness and provide refresher guidance during safety briefings.,2026-04-28T00:00:00.000Z,Safety,End-Month,Negative Observation
97990,Angola,Field Activities,Muconda_drill_site,Drilling (Core & LLD),Safe Tool Use,"Tools and equipment inspected before use.

",Maintain pre‑use inspection practices and reinforce responsibility through toolbox talks.,2026-04-28T00:00:00.000Z,Other,End-Month,Negative Observation
97989,Angola,Field Activities,Muconda_drill_site,Drilling (Core & LLD),Reporting of Hazards,"Worker proactively reported a minor hazard to supervision.
",Encourage continuous hazard reporting and reinforce no‑blame reporting culture during safety meetings.,2026-04-28T00:00:00.000Z,Other,End-Month,Negative Observation
97988,Angola,Company Offices,Muconda_drill_site,Security & Access,Emergency Equipment Access,"Fire extinguishers and emergency exit fully accessible.
",Maintain unobstructed emergency equipment and include emergency equipment checks in housekeeping inspections.,2026-04-28T00:00:00.000Z,Safety,End-Month,Negative Observation
97986,Angola,Field Activities,Muconda_drill_site,Drilling (Core & LLD),Supervisor Presence,"Supervisor actively present and monitoring ongoing activities.
",Continue visible supervision and include supervision presence as part of daily planning.,2026-04-28T00:00:00.000Z,Other,End-Month,Negative Observation
97984,Angola,Field Activities,Muconda_drill_site,Drilling (Core & LLD),Toolbox Talk Participation,"Toolbox talk conducted with active participation from the workforce.
",Maintain engagement during toolbox talks and encourage team feedback and rotate toolbox talk facilitators.,2026-04-28T00:00:00.000Z,Other,End-Month,Negative Observation
97983,Angola,Field Activities,Muconda_drill_site,Drilling (Core & LLD),Clear Walkways,"Pedestrian walkways and access routes kept clear at all times.
",Sustain access control standards and mark walkways clearly and monitor during routine inspections.,2026-04-28T00:00:00.000Z,Other,End-Month,Negative Observation
97982,Angola,Field Activities,Muconda_drill_site,Drilling (Core & LLD),SLAM / JSA Compliance,"SLAM/JSA completed and understood before task commencement.
","
Reinforce consistent SLAM use and ensure supervisors verify SLAM completion for all activities.",2026-04-28T00:00:00.000Z,Other,End-Month,Negative Observation
97981,Angola,Field Activities,Muconda_accomodation_fly_camp,Other,Waste Segregation,Waste correctly segregated and disposed of in labelled bins.,Maintain waste segregation practices and continue awareness sessions and periodic waste audits.,2026-04-28T00:00:00.000Z,Environmental,End-Month,Negative Observation
97979,Angola,Field Facilities,Muconda_accomodation,Accommodation (Tented),Good Housekeeping,"Work areas were clean, organized, and free of trip hazards.","Sustain housekeeping standards, assign area responsibility and include housekeeping checks in daily inspections.",2026-04-27T00:00:00.000Z,Other,End-Month,Positive Observation
97975,Angola,Field Activities,Muconda_drill_site,Drilling (Core & LLD),PPE Compliance,"Employees observed wearing correct mandatory PPE during all work activities.
",Maintain current PPE compliance standard and continue regular supervision and reinforce PPE use during toolbox talks.,2026-04-27T00:00:00.000Z,Safety,End-Month,Negative Observation
97904,Angola,Sample Processing,Muconda_workshop,Waste Management,Sharp Objects in Open Waste Bins,"Sharp objects disposed of without protection.
",Provide puncture‑resistant containers for sharp waste.,2026-04-27T00:00:00.000Z,Other,End-Month,Negative Observation
97896,Angola,Sample Processing,Muconda_worksho_area,Storage & Handling,Waste Stored in Walkways,"Waste bags temporarily stored in access routes.
",Designate temporary waste holding areas away from walkways.,2026-04-27T00:00:00.000Z,Environmental,End-Month,Negative Observation
97895,Angola,Sample Processing,Muconda_workshop_area,Waste Management,No Waste Identification Labels,"Waste containers not clearly labeled.
",Label all waste containers according to waste type.,2026-04-27T00:00:00.000Z,Environmental,End-Month,Negative Observation
97894,Angola,Sample Processing,Muconda_Workshop_area,Storage & Handling,Improper Disposal of PPE,"Used PPE disposed of in incorrect bins.
",Educate employees on proper PPE disposal procedures.,2026-04-27T00:00:00.000Z,Safety,End-Month,Negative Observation
97893,Angola,Sample Processing,Muconda_workshop_area,Storage & Handling,Overflowing Waste Bins,"Waste bins observed overflowing in work areas.
",Increase waste collection frequency and monitor bin capacity.,2026-04-27T00:00:00.000Z,Environmental,End-Month,Negative Observation
97892,Angola,Field Facilities,Muconda_drill_Storage_area,Hazardous Materials Storage,Waste Not Segregated,"General and hazardous waste mixed together.
",Provide labeled bins and reinforce waste segregation requirements.,2026-04-27T00:00:00.000Z,Environmental,End-Month,Negative Observation
97891,Angola,Sample Processing,Muconda_drill_site_workshop,Storage & Handling,Uncontrolled Tool Storage,"Tools left on elevated surfaces, creating falling‑object risks.
",Store tools in designated toolboxes after use.,2026-04-27T00:00:00.000Z,Other,End-Month,Negative Observation
97890,Angola,Sample Processing,Muconda_Workshop_area,Storage & Handling,Slippery Floors,"Wet and oily floor surfaces without warning signs.
",Clean spills immediately and place hazard signage.,2026-04-27T00:00:00.000Z,Other,End-Month,Negative Observation
97889,Angola,Field Facilities,Muconda_wroksho_area,Hazardous Materials Storage,Accumulated Dust and Debris,"Excessive dust and debris observed in work zones.
",Increase cleaning frequency and assign cleaning responsibilities.,2026-04-27T00:00:00.000Z,Other,End-Month,Negative Observation
97888,Angola,Field Activities,Muconda_Worshop_storage area,Materials Handling,Blocked Walkways,"Walkways blocked by stored equipment and waste.
",Clearly mark walkways and enforce no‑storage rules.,2026-04-27T00:00:00.000Z,Environmental,End-Month,Negative Observation
97887,Angola,Sample Processing,Muconda_drill_site,Storage & Handling,Trip Hazards from Loose Materials,"Loose cables and materials creating trip hazards.
",Secure cables and remove unnecessary materials immediately.,2026-04-27T00:00:00.000Z,Other,End-Month,Negative Observation
97886,Angola,Sample Processing,Muconda_workshop_area,Storage & Handling,Poor Housekeeping in Work Areas,"Materials and tools left scattered in work areas.
",Implement daily housekeeping checks and assign area ownership.,2026-04-27T00:00:00.000Z,Other,End-Month,Negative Observation
97884,Angola,Field Activities,Muconda_workshop,Materials Handling,PPE Not Properly Stored,"PPE stored on the floor or exposed to contamination.
",Provide designated PPE storage areas and enforce good storage practices.,2026-04-27T00:00:00.000Z,Safety,End-Month,Negative Observation
97883,Angola,Field Activities,Muconda_drill_site,Drilling (Core & LLD),Inadequate PPE Availability,"Insufficient PPE available for visitors and contractors.
",Maintain adequate PPE stock and control distribution.,2026-04-27T00:00:00.000Z,Safety,End-Month,Negative Observation
97882,Angola,Field Activities,Muconda_drill_site,Drilling (Core & LLD),No PPE Signage,"PPE requirement signage missing at work area entrances.
",Install clear PPE mandatory signage at all access points.,2026-04-27T00:00:00.000Z,Safety,End-Month,Negative Observation
97881,Angola,Field Activities,Muconda_drill_site,Drilling (Core & LLD),Damaged PPE in Use,"Damaged safety helmets and worn‑out gloves observed in use.
",Replace damaged PPE immediately and carry out regular PPE inspections.,2026-04-27T00:00:00.000Z,Other,End-Month,Negative Observation
97880,Angola,Field Activities,Muconda_drill_site,Drilling (Core & LLD),Hazardous Observations,"Employees observed working without mandatory PPE (safety shoes and helmets).
",Reinforce PPE requirements during toolbox talks and conduct daily compliance inspections.,2026-04-24T00:00:00.000Z,Safety,End-Month,Negative Observation
97765,Botswana,Field Facilities,Tsabong  Field camp.,Accommodation (Company Owned),A significant volume of rainwater entered the ablution block following the recent heavy rains experienced in Tsabong area.,A significant volume of rainwater entered the ablution block following the recent heavy rains experienced in Tsabong area.,The Security officer onsite utilized a heavy-duty broom to manually sweep the standing water through the main entrance and into the external drainage system.,2026-04-24T00:00:00.000Z,Other,End-Month,Negative Observation
97743,Angola,Company Offices,Office,Security & Access,Obstruct the entry and exit of vehicles.,"It was observed that vehicles dropping off passengers at the Catoca and Endiama employees’ building obstruct the entry and exit of other vehicles, blocking access to the premises.","The security team was informed of the situation.
The incident was recorded according to internal procedures.
Omega security staff were instructed to warn drivers not to drop off passengers at this location, in order to avoid obstruction.",2026-04-24T00:00:00.000Z,Safety,End-Month,Negative Observation
97652,RSA Support Services,IML,Workshop and Admin,Workshops,Waste sorting,"incorrect waste sorting done , papers and plastics mixed together .",reported to maintanance supervisor to sort the waste properly .,2026-04-23T00:00:00.000Z,Environmental,End-Month,Negative Observation
97622,Botswana,Field Facilities, Tsabong Field Camp.,Accommodation (Company Owned),Snake trail spotted within the camp during routine patrols.,Snake trail spotted within the camp during routine patrols.,"The team onsite reminded of the presence of snakes as there are lot of mice and rats, which attract them. The team advised to remain vigilant and always SLAM.",2026-04-21T00:00:00.000Z,Safety,End-Month,Negative Observation
97606,Angola,Company Offices,Office,Facility & Infrastructure,The light switch requires repair.,The ladies' restroom light switch on the 9th floor was faulty.,"It was reported to the building manager last Friday, April 17, 2026.",2026-04-20T00:00:00.000Z,Other,Mid-Month,Negative Observation
97599,Angola,Field Activities,Muconda SE (drill site 178_X015_H002),Drilling (Core & LLD),Positive observation (critical control diligence),The team at the drill site diligently maintains the critical controls (lightning detector and gas detector),Complimented the team,2026-04-16T00:00:00.000Z,Other,Mid-Month,Positive Observation
97591,Angola,Company Offices,Lucapa campsite,Facility & Infrastructure,Camp Area – Near Accommodations and Ladies’ Toilet,Bees have been observed frequently present in the yard close to the accommodations and ladies’ toilet,"Inform workers about the presence of bees
Avoid unnecessary loitering in the affected area
Place warning signage: “CAUTION – BEES PRESENT”
Ensure first aid facilities are available and accessible",2026-04-22T00:00:00.000Z,Safety,End-Month,Negative Observation
97588,Angola,Field Activities,Muconda_drill_site,Drilling (Core & LLD),Compliance with Drilling Procedures,"
The drilling activity was carried out in accordance with the approved method statement and safety procedures.","Well, done and congratulate all crew",2026-04-22T00:00:00.000Z,Other,End-Month,Negative Observation
97587,Angola,Field Activities,Muconda_drill_site,Drilling (Core & LLD),Proper Supervision During Critical Activities,"
Adequate supervision was present during critical phases such as rod changes and drilling start‑up.",Well done and good team leader skills and supervision,2026-04-21T00:00:00.000Z,Other,End-Month,Negative Observation
97586,Angola,Field Activities,Muconda_drill_site,Drilling (Core & LLD),Emergency Equipment Available and Accessible,"
Fire extinguisher and first aid kit were clearly visible and easily accessible near the drill area.",well done team and congratulation,2026-04-20T00:00:00.000Z,Safety,Mid-Month,Negative Observation
97584,Angola,Field Activities,Muconda_drill_site,Drilling (Core & LLD),Good Ground Condition Monitoring,"
The crew actively monitored ground conditions around the drill hole and adjusted operations as required.",Well done and keep up working safely,2026-04-20T00:00:00.000Z,Other,Mid-Month,Positive Observation
97583,Angola,Field Activities,Muconda_drill_site,Drilling (Core & LLD),Stable and Well‑Controlled Drilling Operations,"
The drilling process was conducted in a controlled and steady manner, indicating good operator competence.",Well done team and congratulation,2026-04-20T00:00:00.000Z,Other,Mid-Month,Negative Observation
97582,Angola,Field Activities,Muconda_drill_site,Drilling (Core & LLD),Safe Handling of Drill Rods,"
Drill rods were handled using correct techniques, minimizing manual handling risks and hand injuries.",Congratulate the drill team,2026-04-22T00:00:00.000Z,Other,End-Month,Negative Observation
97581,Angola,Field Activities,Muconda_drill_site,Drilling (Core & LLD),Proper Use of PPE,"
All drilling crew members were wearing the required PPE, including helmets, gloves, eye protection, and safety boots.",Congratulate the team for compliance of HSE PPE requirements and standards,2026-04-22T00:00:00.000Z,Safety,End-Month,Negative Observation
97579,Angola,Field Activities,Muconda_drill_site,Drilling (Core & LLD),Clear Exclusion Zone Maintained,"
A well‑defined exclusion zone was established around the drilling rig, preventing unauthorized access.",Congratulate the team and well done,2026-04-20T00:00:00.000Z,Other,Mid-Month,Negative Observation
97578,Angola,Field Activities,Muconda_drill_site,Drilling (Core & LLD),Good Housekeeping Around the Drill Rig,"
The drilling area was kept clean and organized, with drill cuttings and materials properly managed.",Congratulate the drillers team leader and supervisor,2026-04-21T00:00:00.000Z,Other,End-Month,Positive Observation
97577,Angola,Sample Processing,Muconda_drill_site,Waste Management,Poor Housekeeping Around Waste Areas,Waste collection points are dirty and poorly maintained.,"Clean and disinfect waste areas daily
Define and mark designated waste collection areas
Include waste area condition in routine HSE inspections",2026-04-22T00:00:00.000Z,Environmental,End-Month,Negative Observation
97576,Angola,Sample Processing,Muconda_fly_camp,Waste Management,Waste Attracting Flies and Pests,"
Poor waste disposal is attracting flies and pests.","Ensure all bins have lids and remain closed
Remove organic waste daily
Implement pest control measures and monitoring",2026-04-22T00:00:00.000Z,Environmental,End-Month,Negative Observation
97575,Angola,Field Facilities,Muconda_fly_camp,Accommodation (Tented),Poor Toilet Cleanliness,"Toilets are dirty, with bad odor and poor hygiene conditions.","Increase toilet cleaning frequency
Use approved cleaning and disinfecting materials
Assign cleaning checklist and supervisor sign‑off",2026-04-22T00:00:00.000Z,Health / Hygiene,End-Month,Negative Observation
97574,Angola,Sample Processing,Muconda_frly_camp,Waste Management,Overflowing Waste Bins,Waste bins are overfilled and not emptied regularly.,"Implement waste collection at least twice per day
Assign responsibility to cleaning team",2026-04-22T00:00:00.000Z,Environmental,End-Month,Negative Observation
97573,Angola,Field Facilities,Muconda_Fly_camps,Accommodation (Tented),Insufficient Waste Bins,"Not enough waste bins in toilets, kitchen, and work areas.","Increase number of bins at strategic locations
Ensure bins are available near toilets and eating areas
Review bin placement during inspections",2026-04-22T00:00:00.000Z,Environmental,End-Month,Negative Observation
97572,Angola,Sample Processing,Muconda_drill_site,Waste Management,Unsafe act,"Waste bins are not clearly labeled, causing incorrect disposal.","Label all bins clearly (ORGANIC / PLASTIC / GENERAL)
Use durable, visible labels
Conduct periodic checks to ensure labels remain intact",2026-04-22T00:00:00.000Z,Environmental,End-Month,Negative Observation
97571,Angola,Sample Processing,Muconda_house,Waste Management,Muconda_accomodation house,"Organic, plastic, and general waste are mixed in the same bins.","Provide separate bins for organic, plastic, and general waste
Conduct awareness briefing on waste segregation
Display segregation posters at waste points",2026-04-22T00:00:00.000Z,Environmental,End-Month,Negative Observation
97570,Angola,Sample Processing,Muconda_drill_site_Work Area / Access Paths,Security & Access,Unsafe condition,Slippery surface due to soil conditions that become very muddy when wet,"Warn workers about slippery conditions
Restrict access to high‑risk areas when possible
Install warning signs: “SLIPPERY SURFACE”
Ensure use of safety footwear with anti‑slip soles",2026-04-22T00:00:00.000Z,Safety,End-Month,Negative Observation
97569,Angola,Transport Activities,Muconda_drill_site,Heavy Duty Vehicles,Unsafe condition,Water tank is not properly installed and has an inadequate stand and damaged/poor cap,"Restrict use of the water tank if contamination risk exists
Provide an alternative safe drinking water source
Cover the tank opening temporarily to prevent contamination
Inform site management and facilities team",2026-04-22T00:00:00.000Z,Other,End-Month,Negative Observation
97567,Angola,Field Activities,Muconda_drill_site_acess_road,Other,Observation,An injured animal was found on the access road between the camp and the drill site,Drivers instructed to slow down and avoid the area and do not approach or handle the injured animal,2026-04-22T00:00:00.000Z,Safety,End-Month,Negative Observation
97566,Angola,Field Activities,Muconda_drill_site,Drilling (Core & LLD),Unsafe condition,"The drilling hole is collapsing and forming a large cavity, destabilizing the drill hole","Stop drilling operations immediately
Establish an exclusion zone around the drill hole
Prevent personnel movement near the unstable area
Inform the drilling supervisor and site management
Conduct visual inspection of ground stability",2026-04-22T00:00:00.000Z,Other,End-Month,Negative Observation
97565,Angola,Field Activities,Muconda_drill_site,Drilling (Core & LLD),Unsafe conditions,"Presence of Tsetse fly (Sleeping Sickness fly), indicating risk of Trypanosomiasis at the site","Inform all workers about the presence of tsetse flies
Advise workers to avoid bushy and shaded areas where possible
Encourage wearing of long‑sleeved clothing and trousers
Apply approved insect repellents on exposed skin
Monitor workers for bites and early symptoms",2026-04-22T00:00:00.000Z,Other,End-Month,Negative Observation
97564,Angola,Field Activities,Muconda_drill_site,Drilling (Core & LLD),Unsafe conditions,Road surface is sliding and unstable as a result of heavy rainfall in the area,"Reduce vehicle speed significantly
Inform all drivers about the road condition
Restrict travel during heavy rain where possible
Use suitable vehicles for wet and muddy conditions
Increase driver caution on slopes and turns",2026-04-22T00:00:00.000Z,Safety,End-Month,Negative Observation
97562,Angola,Field Activities,Muconda_drill_site,Materials Handling,Unsafe act,Lack of communication during the lifting activity,"Stop the lifting activity until clear communication is established
Assign a competent banksman / signaler
Ensure only one person gives lifting instructions
Re‑brief the lifting team before resuming work",2026-04-22T00:00:00.000Z,Other,End-Month,Negative Observation
97560,Angola,Field Activities,Muconda_drill_site,Drilling (Core & LLD),Unsafe conditions,Crew is not keeping themselves adequately hydrated,Remind the crew to drink water regularly and monitor workers for signs of dehydration or heat stress,2026-04-22T00:00:00.000Z,Other,End-Month,Negative Observation
97545,RSA Support Services,IML,Discovery Services - Main Complex,Facilities & Infrastructure,Observation,The Argonite cylinder at the back to the bunker has no visible inspection stickers.,Engage with EMPACT and they informed me the next inspection will be in 2029. Was requested to have some updated label  on or near the cylinders by the service provider to indicate the next inspection is due 2029.,2026-04-21T00:00:00.000Z,Other,End-Month,Negative Observation
97544,RSA Support Services,IML,Discovery Services  - Main Complex,Facilities & Infrastructure,Observation,During a SHE Rep inspection it was noted there is some rust on the emergency staircase. Not sure when the last an inspection was done to make use the staircase is safe for use.,"Engage with the EMPACT to ensure the emergency staircase is safe for use. A visual inspection on the steps; no defects were found by the EMPACT team. Minor maintenance to be done, rust removal and red oxide will be applied followed with painting on the areas.
",2026-04-21T00:00:00.000Z,Emergency Preparedness,End-Month,Negative Observation
97540,Angola,Field Facilities,Muconda Guest house,Accommodation (Third Party),Some door handel missing on room and bathroom doors,Some doors handle are missing on door with the potential to lock yourself in a bathroom,Some locks and handles have been replaced and outstanding handles will be completed within the week,2026-04-16T00:00:00.000Z,Other,Mid-Month,Negative Observation
97538,Angola,Field Facilities,Muconda guest house,Accommodation (Third Party),Sink loose in kitchen,It was notice that the sink and water drain pipe was loose in the kitchen,The water feed supplying the sink was closed and taken out of use till repaired. The sink has been repaired and drain pipe secured,2026-04-17T00:00:00.000Z,Other,Mid-Month,Negative Observation
97537,Angola,Transport Activities,Muconda Drill Camp,Light Vehicles,Noise coming from under vehicle while driving,A scraping noise was heard from under the vehicle,It was inspected and noted that a branch had dislodged the steel dustcover protecting the gearbox seal and retelling. I was repaired on site,2026-04-15T00:00:00.000Z,Safety,Mid-Month,Negative Observation
97535,Angola,Field Facilities,Lucapa camp ladies ablutions,Accommodation (Company Owned),water leak at back of ladies toilet,Water pipe feeding the laundry and ladies toilet cracked and started leaking,Reported to Opps team and the leak was immediately repaired,2026-04-21T00:00:00.000Z,Other,End-Month,Negative Observation
97533,Angola,Field Facilities,Lucapa Camp,Accommodation (Company Owned),Fence Support at front gate broke from moment from wind over years,Fence Support pole at front gate broke from moment from wind over years,It was reported and the maintenance team replaced two supporting poles,2026-04-21T00:00:00.000Z,Other,End-Month,Negative Observation
97530,Angola,Field Facilities,Lucapa Workshop,Workshop,Cellphone destraction,It was noticed that some employees get very distracted by their phones and don't even notice when you enter.,It is immediately addressed and if it continues phones will not be allowed in high-risk areas. It was also discussed in the toolbox talks,2026-04-16T00:00:00.000Z,Other,Mid-Month,Negative Observation
97528,Angola,Transport Activities,Lucapa Camp,Heavy Duty Vehicles,Truck delivering fuel got stuck at the front entrance,Truck delivering fuel got stuck at the front entrance and needed to be pulled out with a second truck,It was reported and the DeBeers driver and team assisted to recover the truck,2026-04-11T00:00:00.000Z,Other,Mid-Month,Negative Observation
97512,Angola,Company Offices,Muconda_drill_site,Facility & Infrastructure,Unsafe act,Walkways and access routes partially obstructed,Remove waste and unnecessary materials immediately and clear walkways and access routes,2026-04-21T00:00:00.000Z,Other,End-Month,Negative Observation
97510,Angola,Field Activities,Muconda_drill_site,Drilling (Core & LLD),Unsafe condition,General untidy conditions increasing safety risks,Assign housekeeping responsibilities to crews and conduct a site clean‑up activity,2026-04-21T00:00:00.000Z,Other,End-Month,Negative Observation
97508,Angola,Field Activities,Muconda_drill_site,Drilling (Core & LLD),Unsafe condition,Waste materials left scattered on site,"Remove waste and unnecessary materials immediately and Clear walkways and access routes
",2026-04-21T00:00:00.000Z,Environmental,End-Month,Negative Observation
97507,Angola,Field Activities,Muconda_drill_site,Materials Handling,Unsafe conditions,"Poorly stored tools, equipment, and materials",Ensure tools and equipment are properly stored,2026-04-21T00:00:00.000Z,Other,End-Month,Negative Observation
97506,Angola,Field Facilities,Muconda_fly_camp,Accommodation (Tented),Unsafe condition,Work areas not kept clean and orderly,Remove waste and unnecessary materials immediately and conduct a site clean‑up activity,2026-04-21T00:00:00.000Z,Other,End-Month,Negative Observation
97505,Angola,Sample Processing,Muconda_fly_camp,Waste Management,Unsafe conditions,The waste management system presents inadequacies characterized by the improper disposal of organic and plastic waste,"Separate organic and plastic waste immediately
Provide clearly labeled waste bins for segregation
Remove accumulated waste without delay
Clean and disinfect waste storage areas",2026-04-21T00:00:00.000Z,Environmental,End-Month,Negative Observation
97504,Angola,Transport Activities,Acess road,Light Vehicles,Hazardous  observation,"The access road shows signs of deterioration, including damaged surface and erosion",Inform all drivers of the road condition and reduce vehicle speed on the access road restrict access during adverse weather if required,2026-04-21T00:00:00.000Z,Safety,End-Month,Negative Observation
97503,Angola,Field Activities,Muconda_drill_site,Drilling (Core & LLD),Good observation,"Workers proactively ensured they remained well‑hydrated, especially during physically demanding tasks",Congratulate the team and keep up working safely,2026-04-21T00:00:00.000Z,Other,End-Month,Positive Observation
97501,Angola,Field Facilities,Muconda_fly_camp,Accommodation (Tented),Unsafe condition,Workers are exposed to smoke inhalation as a result of the prevention method used against flies/insects (burning/smoking).,"Stop burning activities when workers are present nearby and relocate burning area away from work and accommodation zones, inform workers to avoid smoke-affected areas",2026-04-21T00:00:00.000Z,Health / Hygiene,End-Month,Negative Observation
97500,Angola,Transport Activities,Muconda_drill_site,Other,Hazardous observations,"Potholes are filled with mud, especially after rainfall",Reduce vehicle speed on the access road and inform all drivers about the road condition,2026-04-21T00:00:00.000Z,Other,End-Month,Negative Observation
97433,Angola,Field Activities,Muconda_drill_site,Drilling (Core & LLD),Good observation,The Operator and Assistant were observed communicating clearly and effectively during work activities instructions and information were shared in a timely manner and  both parties confirmed understanding before proceeding with tasks,Strong demonstration of positive safety culture,2026-04-20T00:00:00.000Z,Other,Mid-Month,Positive Observation
97427,Angola,Field Activities,Muconda_drill_site,Drilling (Core & LLD),Good observation,The crew maintained proper housekeeping on site,Congratulate the team,2026-04-20T00:00:00.000Z,Safety,Mid-Month,Positive Observation
97425,Angola,Field Activities,Muconda_road_acess,Other,Road acess Unsafe condition,Excessive tree roots on the ground creating trip and fall hazards,Improve housekeeping and remove loose debris around tree roots,2026-04-20T00:00:00.000Z,Other,Mid-Month,Negative Observation
97422,Angola,Company Offices,Muconda_fly_camp,Facility & Infrastructure,Unsafe conditions,Large number of flies observed continuously during the day,Remove and properly dispose of all food and organic waste,2026-04-20T00:00:00.000Z,Health / Hygiene,Mid-Month,Negative Observation
97420,Angola,Company Offices,Muconda_bridge,Facility & Infrastructure,Unsafe condition,Uneven walking surface on the bridge,"Mandatory use of safety footwear with good grip
No running or jumping on the bridge
Increased caution during wet conditions",2026-04-20T00:00:00.000Z,Other,Mid-Month,Negative Observation
97416,Angola,Company Offices,Muconda_drill_site,Facility & Infrastructure,Unsafe condition,Crossing bridge becomes unstable when carrying heavy loads,Restrict access for heavy loads immediately,2026-04-20T00:00:00.000Z,Other,Mid-Month,Negative Observation
97414,Angola,Field Activities,Muconda_drill_site,Drilling (Core & LLD),Unsafe condition,Poor hygiene condition of the water cooler / water cool box,Immediately remove the water cool box from service and clean and disinfect the water cooler thoroughly,2026-04-20T00:00:00.000Z,Health / Hygiene,Mid-Month,Negative Observation
97411,Angola,Field Activities,Muconda_drill_site,Other,Hazardous observation,Wild / domestic animals crossing the road on the way to the drill site,"Inform all drivers during toolbox talks and safety briefings, enforce reduced speed limits on access roads and
Increase driver vigilance, especially in wildlife-prone areas",2026-04-20T00:00:00.000Z,Safety,Mid-Month,Negative Observation
97409,Angola,Transport Activities,Muconda_drill_site,Other,Hazardous observation,Presence of a significant hole/pothole on the road surface,Communicate hazard to all drivers via toolbox talk / safety alert,2026-04-20T00:00:00.000Z,Safety,Mid-Month,Negative Observation
97407,Angola,Transport Activities,Muconda_drill_site,Light Vehicles,Hazardous observation,Tree branches obstructing the access road,Enforce reduced vehicle speed limits,2026-04-20T00:00:00.000Z,Safety,Mid-Month,Negative Observation
97404,Angola,Company Offices,Muconda_fly_camp,Facility & Infrastructure,Unsafe condition,Malfunctioning toilets in the main ablution block,"Isolate faulty toilets and place “OUT OF ORDER” signage and activate urgent maintenance (plumbing / sanitation)
",2026-04-20T00:00:00.000Z,Other,Mid-Month,Negative Observation
97385,Angola,Transport Activities,Angola Vehicle Audit,Light Vehicles,Vehicle Physical Conditions,"Poor housekeeping in front of Ambulance (full and empty bottles of water between seats, glove box full of waste) and water stacked in back of Ambulance in walkway. This also have been identified in other operational vehicles",Conditions have been immediately fixed and vehicles has been cleaned,2026-04-14T00:00:00.000Z,Safety,Mid-Month,Negative Observation
97384,Angola,Transport Activities,Angola Vehicle Audit,Light Vehicles,Vehicle Physical Conditions,"Vehicles parked at operational areas, without stop blocks/choke block",Informed Joao and It was replaced with immediate effect,2026-04-14T00:00:00.000Z,Safety,Mid-Month,Negative Observation
97383,Angola,Transport Activities,Angola Vehicle Audit,Light Vehicles,Vehicle Physical Condition,Some vehicles does not have Reflective Vest,Informed George and he replaced immediately,2026-04-11T00:00:00.000Z,Safety,Mid-Month,Negative Observation
97382,Angola,Transport Activities,Angola Vehicle Audit,Light Vehicles,Vehicle Physical Conditions,Identified that some vehicle does not have the 3 triangles as per requirements,Informed George to install,2026-04-11T00:00:00.000Z,Safety,Mid-Month,Negative Observation
97381,Angola,Transport Activities,Angola Vehicle Audit,Light Vehicles,OFI - Checklist,OFI - Vehicle Checklist: Pages are not removed from checklist books and replaced when book is full,"OFI - Vehicle Checklist: Due to pink page is not being removed from checklist, the book can be amended with all pink pages to be replaced as white (non-tear out)",2026-04-11T00:00:00.000Z,Safety,Mid-Month,Negative Observation
97380,Angola,Transport Activities,Angola Vehicle Audit,Light Vehicles,Recovery Simulation,"Has been discussed during toolbox talks and real-life events, however no simulation yet conducted",Schedule Simulation drill at least for every 6 months,2026-04-11T00:00:00.000Z,Safety,Mid-Month,Negative Observation
97286,Angola,Company Offices,Offices,Office Activities,Uniform replacement,"Aqua Oceanus has replaced its uniforms to eliminate the need for reflective vests, as the new PPE already incorporates reflective elements. This measure aims to reduce clothing use because of the high temperatures during work in the basements.",Were congratulated.,2026-04-15T00:00:00.000Z,Safety,Mid-Month,Negative Observation
97184,Angola,Company Offices,Offices,Office Activities,"On the 9th floor, the hand sanitiser has a faulty dispenser.","Colleague Genoveva Matxitxi reported observed and reported - On the 9th floor, the hand sanitiser has a faulty dispenser.",De Beers maintenance team was called to fix.,2026-04-14T00:00:00.000Z,Other,Mid-Month,Negative Observation
97156,Angola,Company Offices,Offices,Facility & Infrastructure,A screwdriver left on a balcony in the building.,"A screwdriver was found on the 9th-floor balcony of the building. It was left there by the Aquaoceanus maintenance team whilst carrying out work on 10 March 2026.
A lack of control over equipment can lead to replacement costs.","Maintenance team was coalled and removed the screwdriver.
short safety talk was conducted.",2026-04-13T00:00:00.000Z,Other,Mid-Month,Negative Observation
97155,Angola,Company Offices,Offices,Security & Access,Good service,The building's control room service team has been providing excellent service and has received praise for this.,They have been informed of their good performance.,2026-04-10T00:00:00.000Z,Safety,Beginning,Positive Observation
97127,Angola,Company Offices,Offices,Facility & Infrastructure,People carrying water gallon without using a trolley,Securitys workers were found carrying 18.9-liter water gallons without using a trolley. This action poses musculoskeletal risks.,"1. The activity was stopped, and they were instructed to use the proper equipment for material transportation. 
2. A brief discussion was held regarding working conditions and workplace safety.",2026-04-13T00:00:00.000Z,Other,Mid-Month,Negative Observation
97084,Angola,Transport Activities,Muconda_Fly_camp,Light Vehicles,Unsafe condition,"During the transportation of fuel in a vehicle, it was observed that one of the fuel containers (jerry cans) was not properly closed, resulting in a small amount of fuel spilling onto the vehicle’s cargo area.","Ensure all fuel containers are properly closed and sealed before transportation
Secure fuel containers to prevent movement during transit
Conduct pre‑use inspections prior to fuel transportation
Clean any spilled fuel immediately using appropriate absorbent materials
Reinforce training and awareness for drivers on safe fuel handling and transport",2026-04-14T00:00:00.000Z,Safety,Mid-Month,Negative Observation
96965,Angola,Transport Activities,"Airport Internacional Dr. António Agostinho Neto, in Luanda",Other,Paramedic do not followed DB protocol to leave the airport.,"On 11/04/2026, a non-conformance occurred at Dr. António Agostinho Neto Airport, in which paramedic Mr. Ashley Sias, arriving from South Africa, used a driver from your company without informing us, leaving the De Beers driver waiting at the airport until he was located.  He remained unaccounted for approximately two hours, from 20:18 to 22:15.
 
","This situation triggered our emergency measures to locate him, including ISOS management.",2026-04-13T00:00:00.000Z,Safety,Mid-Month,Negative Observation
96923,Angola,Company Offices,Muconda_fly_camp,Office Activities,Unsafe condition,"Lack of air conditioning in two container offices, resulting in inadequate ventilation and thermal discomfort for occupants.",Reported to fleet manager,2026-04-13T00:00:00.000Z,Other,Mid-Month,Negative Observation
96922,Angola,Field Facilities,Muconda_fly_camp,Accommodation (Company Owned),Hazardous observation,"Insufficient lighting identified in the toilet facilities, creating poor visibility conditions and potential safety risks.","Reduced visibility may lead to slips, trips, and hygiene-related concerns",2026-04-13T00:00:00.000Z,Safety,Mid-Month,Negative Observation
96919,Angola,Field Facilities,Muconda_fly_camp,Accommodation (Tented),Hazardous observaton,"Lack of routine monitoring of pest activity on site.
","
Establish a pest control inspection schedule and maintain records of findings and corrective actions.",2026-04-13T00:00:00.000Z,Other,Mid-Month,Negative Observation
96917,Angola,Field Facilities,Muconda_fly_camp,Accommodation (Company Owned),Hazardous observation,"Fly activity was noted around waste storage and disposal areas.
","
Relocate waste storage areas away from accommodation and apply pest deterrent measures.",2026-04-13T00:00:00.000Z,Environmental,Mid-Month,Negative Observation
96916,Angola,Field Facilities,Muconda_fly_camp,Accommodation (Tented),Hazardous observation,"Flies may contaminate surfaces and food, posing a health risk.
Corrective Measure:
Disinfect affected surfaces regularly and reinforce hygiene practices among staff and residents.",Disinfect affected surfaces regularly and reinforce hygiene practices among staff and residents.,2026-04-13T00:00:00.000Z,Health / Hygiene,Mid-Month,Negative Observation
96915,Angola,Sample Processing,Muconda_fly_camp,Waste Management,Hazardous observation,"Standing water was observed in some areas, creating favorable conditions for flies.
",Eliminate standing water by improving drainage and promptly repairing water leaks.,2026-04-13T00:00:00.000Z,Health / Hygiene,Mid-Month,Negative Observation
96914,Angola,Sample Processing,Muconda_fly_camp,Waste Management,Hazardous observation,"Organic waste accumulation may be creating breeding grounds for flies.
",Improve waste segregation and ensure timely removal of organic waste from the site.,2026-04-13T00:00:00.000Z,Environmental,Mid-Month,Negative Observation
96913,Angola,Field Facilities,Muconda_fly_camp,General Storage,Hazardous observation,"Open waste bins were attracting flies.
","Ensure all waste bins are fitted with lids, emptied daily, and cleaned regularly.",2026-04-13T00:00:00.000Z,Environmental,Mid-Month,Negative Observation
96911,Angola,Field Facilities,Muconda_fly_camp,Accommodation (Tented),Hazardous observation,"Poor waste management may be contributing to the infestation.
",Ensure waste is disposed of daily in closed containers and bins are cleaned regularly.,2026-04-13T00:00:00.000Z,Environmental,Mid-Month,Negative Observation
96910,Angola,Field Facilities,Muconda_fly_camp,Accommodation (Tented),Hazardous observations,"The infestation may spread if not addressed promptly.
",Assign responsibility for immediate follow‑up and monitor the effectiveness of corrective actions.,2026-04-13T00:00:00.000Z,Other,Mid-Month,Negative Observation
96909,Angola,Field Facilities,Muconda_fly_camp,Accommodation (Tented),hazardous observation,"Ants may be transported into rooms or kitchens via footwear.
",Provide entry‑point mats and raise awareness among personnel to check footwear when entering tents and offices.,2026-04-13T00:00:00.000Z,Other,Mid-Month,Negative Observation
96908,Angola,Field Facilities,Muconda_fly_camp,Kitchen,Hazardous observation,"Workers may experience discomfort or bites when passing through the affected area.
",Restrict access to infested areas until pest control activities are completed and effective.,2026-04-13T00:00:00.000Z,Other,Mid-Month,Negative Observation
96907,Angola,Field Facilities,Muconda_fly_camp,Kitchen,Hazardous observation,"Risk of food contamination exists if ants access dining or food storage areas.
",Store all food in sealed containers and conduct regular cleaning of dining areas.,2026-04-13T00:00:00.000Z,Health / Hygiene,Mid-Month,Negative Observation
96906,Angola,Field Facilities,Muconda_fly_camp,Accommodation (Tented),Hazardous observation,"Potential food residues may be attracting ants to the area.
","Enforce strict housekeeping practices, ensuring no food remnants are left in open areas.",2026-04-13T00:00:00.000Z,Health / Hygiene,Mid-Month,Negative Observation
96905,Angola,Field Facilities,Muconda_fly_camp,Accommodation (Tented),Hazardous observation,"The infestation is close to accommodation and common areas.
",Conduct routine inspections around accommodation facilities and seal entry points to prevent insect ingress.,2026-04-13T00:00:00.000Z,Other,Mid-Month,Negative Observation
96904,Angola,Field Facilities,Muconda_fly_camp,Accommodation (Tented),Hazardous observation,"Ant activity is present along a frequently used walkway.
",Clean and sanitize walkways regularly and apply appropriate insect barriers where necessary.,2026-04-13T00:00:00.000Z,Other,Mid-Month,Negative Observation
96903,Angola,Field Facilities,Muconda_fly_camp,Accommodation (Tented),Hazardous observation,High ant activity suggests the presence of nearby food sources or waste that may be attracting insects.,Conduct routine inspections around accommodation facilities and seal entry points to prevent insect ingress.,2026-04-13T00:00:00.000Z,Environmental,Mid-Month,Negative Observation
96902,Angola,Field Facilities,Muconda_fly_camp,Accommodation (Tented),Hazardous observation,"A large number of ants were observed moving in organized trails within the camp area, particularly along walkways near accommodation and common areas.",Improve housekeeping and waste management practices and monitor affected areas regularly,2026-04-13T00:00:00.000Z,Other,Mid-Month,Negative Observation
96843,Angola,Field Facilities,Lucapa - Kitchen,Kitchen,Water seeping into the roof,"During the rainy season, water has been seeping in from the kitchen ceiling, leaving the floor completely wet.","This was reported during hazard identification in the toolbox, and the operations team has taken note and will take the necessary steps to improve conditions.",2026-04-10T00:00:00.000Z,Safety,Beginning,Negative Observation
96842,Angola,Field Facilities,Lucapa - Laundry Room,Accommodation (Company Owned),Lack of fan,There is no ventilation in the laundry room,"When the team is working in the laundry room, an excessive temperature is noticeable; however, the installation of a fan has been requested.
",2026-04-10T00:00:00.000Z,Other,Beginning,Negative Observation
96841,Angola,Field Facilities,Lucapa - Kitchen,Kitchen,Burnt-out light bulbs in the kitchen,"Burnt-out light bulbs in the kitchen

There are burnt-out light bulbs in the kitchen, hindering visibility during the night shift as well as during the day shift while moving around the storeroom.",It has been reported to the operations team and they will make the necessary replacement.,2026-04-10T00:00:00.000Z,Other,Beginning,Negative Observation
96840,Angola,Field Facilities,Lucapa-Camp,Accommodation (Company Owned),Damaged shower,There are 2 showers in the ladies' restroom that are not working.,This has been reported in the toolbox and the operations team has been informed and will replace them.,2026-04-10T00:00:00.000Z,Other,Beginning,Negative Observation
96808,Botswana,Field Facilities,Tsabong Field Camp.,Accommodation (Company Owned),A spider spotted within the portacabin 15 (used to be the Paramedic Clinic).,A spider spotted within the portacabin 15 (used to be the Paramedic Clinic).,"The team onsite alerted of the presence of spiders and scorpions in the camp, therefore advised remaining vigilant and always SLAM.",2026-04-07T00:00:00.000Z,Safety,Beginning,Negative Observation
96807,Botswana,Field Facilities,Tsabong Field Camp.,Accommodation (Company Owned),The cover for fire extinguisher damaged (torn) due to exposure to sun.,The cover for fire extinguisher damaged (torn) due to exposure to sun.,The worn-out cover removed and replaced by another one.,2026-04-06T00:00:00.000Z,Safety,Beginning,Negative Observation
96806,Botswana,Field Facilities,Tsabong Field Camp.,Accommodation (Company Owned),A Scorpion sited inside the guard room.,A Scorpion sited inside the guard room.,The Scorpion removed and the field crew alerted of the presence of dangerous creatures around the camp. The team advised to always SLAM.,2026-04-02T00:00:00.000Z,Safety,Beginning,Negative Observation
96777,Angola,Field Facilities,Muconda_fly-camp,Kitchen,Good obsrvation,Cleaning schedules for kitchens and dining areas were displayed and followed.,Working schedules program and team management,2026-04-09T00:00:00.000Z,Other,Beginning,Positive Observation
96775,Angola,Field Activities,Muconda_drill_site,Drilling (Core & LLD),Good observation,Tools and equipment were maintained in good working condition.,Good job and well-done team,2026-04-08T00:00:00.000Z,Other,Beginning,Positive Observation
96774,Angola,Field Facilities,Muconda _Fly_camp,Accommodation (Tented),Good observation,Housekeeping responsibilities were clearly assigned to personnel.,Improve the team management plan,2026-04-08T00:00:00.000Z,Safety,Beginning,Positive Observation
96773,Angola,Field Facilities,Muconda_fly_camp,Accommodation (Tented),Good observation,Good compliance with site housekeeping and organization standards was observed.,Congratulate the team,2026-04-07T00:00:00.000Z,Safety,Beginning,Positive Observation
96771,Angola,Field Facilities,Muconda_fly_camp,Accommodation (Tented),Good observation,Overall site conditions reflected a positive safety culture and strong attention to hygiene and organization.,Congratulate the operation team,2026-04-08T00:00:00.000Z,Health / Hygiene,Beginning,Positive Observation
96769,Angola,Field Facilities,Muconda fly_camp,Accommodation (Tented),Good observation,"Hazardous and sharp wastes were disposed of in approved, dedicated containers.",Good job and well-done team,2026-04-09T00:00:00.000Z,Environmental,Beginning,Positive Observation
96768,Angola,Field Facilities,Muconda_fly_camp,Accommodation (Tented),Good observation,Waste bins were emptied regularly and maintained in a clean condition.,Good job and well done,2026-04-09T00:00:00.000Z,Environmental,Beginning,Positive Observation
96767,Angola,Field Activities,Muconda_drill_site,Drilling (Core & LLD),Good observation,No waste accumulation was observed in active work areas.,Good drilling operations team,2026-04-09T00:00:00.000Z,Environmental,Beginning,Positive Observation
96766,Angola,Field Facilities,Muconda_fly_camp,Accommodation (Tented),Good observation,"Waste containers were properly labeled, supporting effective waste segregation.",Congratulate the general service team,2026-04-09T00:00:00.000Z,Environmental,Beginning,Positive Observation
96765,Angola,Field Facilities,Muconda_drill_site,Accommodation (Tented),Good observation,Waste bins were available in adequate numbers across work areas.,Congratulate all the team,2026-04-09T00:00:00.000Z,Environmental,Beginning,Positive Observation
96764,Angola,Field Activities,Muconda drill_site,Materials Handling,Good observation,Serviceable and unserviceable tools were clearly identified and segregated.,Congratulate the team and let us follow the safety best practices,2026-04-09T00:00:00.000Z,Other,Beginning,Positive Observation
96762,Angola,Field Activities,Muconda_drill_site,Materials Handling,Good observation,Tools were properly stored in designated locations when not in use,Congratulate the drilling team and keep up working safely,2026-04-09T00:00:00.000Z,Other,Beginning,Positive Observation
96760,Angola,Field Activities,Muconda_drill_site,Other,Good observation,Walkways and emergency exits were clearly marked and kept free from obstructions.,Let follow the safety best practices,2026-04-09T00:00:00.000Z,Emergency Preparedness,Beginning,Positive Observation
96759,Angola,Field Activities,Muconda drill_site,Drilling (Core & LLD),Good observation,"Work areas were found to be clean and well‑organized, reducing slip, trip, and fall risks.",Congratulate the team and keep up working safely,2026-04-09T00:00:00.000Z,Other,Beginning,Positive Observation
96758,Angola,Sample Processing,Muconda_drill_site,Waste Management,Hazardous observation,"Absence of designated waste storage areas, leading to uncontrolled disposal practices","Establish designated, clearly marked waste storage areas in accordance with site layout and environmental requirements. Ensure these areas are maintained, secured, and used exclusively for controlled waste storage.",2026-04-08T00:00:00.000Z,Environmental,Beginning,Negative Observation
96757,Angola,Sample Processing,Muconda_fly_camp,Waste Management,Hazardous observation,"Overflowing bins not emptied regularly, contributing to environmental and health hazards",Increase the frequency of waste collection and bin emptying. Monitor bin capacity and ensure adequate bin numbers are provided to prevent overflow.,2026-04-08T00:00:00.000Z,Other,Beginning,Negative Observation
96755,Angola,Sample Processing,Muconda_drill,Waste Management,Hazardous obseravtion,"Accumulation of waste in work areas creating flyers and pest hazards
",Implement routine waste removal schedules and assign responsibility to ensure waste is cleared from work areas promptly. Prohibit temporary dumping of waste in operational zones and enforce housekeeping inspections.,2026-04-08T00:00:00.000Z,Environmental,Beginning,Negative Observation
96754,Angola,Sample Processing,Muconda,Waste Management,Muconda_drill_site,"Waste containers not clearly labeled, resulting in improper segregation of waste streams","Clearly label all waste containers according to waste type (general, recyclable, hazardous, organic, etc.), using color coding and signage. 
Conduct awareness training to ensure personnel understand and follow waste segregation requirements.",2026-04-08T00:00:00.000Z,Environmental,Beginning,Negative Observation
96752,Angola,Sample Processing,Muconda_drill_site,Storage & Handling,Unsafe condition,"Absence of tool accountability systems, increasing misuse and unsafe handling risks.",Implement tool accountability systems onsite,2026-04-08T00:00:00.000Z,Other,Beginning,Negative Observation
96751,Angola,Field Activities,Muconda_drill_site,Materials Handling,Hazardous observation,"Electrical tools stored without protection from dust, moisture, or mechanical damage.",Remove all damaged electrical tools from site without protection,2026-04-09T00:00:00.000Z,Safety,Beginning,Negative Observation
96750,Angola,Field Activities,Muconda_drill_site,Materials Handling,Hazardous observation,Damaged or defective tools stored together with serviceable tools with no identification.,Remove and replaced all damaged tools for the service area,2026-04-09T00:00:00.000Z,Other,Beginning,Negative Observation
96749,Angola,Field Facilities,Muconda_drill_site,General Storage,Hazards observation,"Lack of designated storage for hand tools, resulting in poor control and loss of equipment.",Improve the storage tools and equipment,2026-04-07T00:00:00.000Z,Other,Beginning,Negative Observation
96748,Angola,Field Activities,Muconda_drill_site,Materials Handling,Hazard observation,"Tools left unattended on floors or elevated surfaces, posing trip and falling‑object hazards.",Reported to supervisor team leader and organized the tools and equipment,2026-04-09T00:00:00.000Z,Other,Beginning,Negative Observation
96747,Angola,Field Activities,Muconda_drill_site,Drilling (Core & LLD),Hazards observation,Missing or unclear signage for designated work and storage areas.,Improve the safety signs onsite,2026-04-08T00:00:00.000Z,Other,Beginning,Negative Observation
96746,Angola,Field Activities,Muconda_drill_site,Materials Handling,Observation,Improper stacking of materials creating instability and collapse hazards.,Improve the proper storage materials tools,2026-04-07T00:00:00.000Z,Other,Beginning,Negative Observation
96745,Angola,Field Activities,Muconda_drill_site,Materials Handling,Observation,"Inadequate segregation of work zones, leading to overlapping pedestrian and equipment traffic.",Reinforce the safe use of adequate segregation zone,2026-04-07T00:00:00.000Z,Other,Beginning,Negative Observation
96744,Angola,Field Activities,Muconda_drill_site,Materials Handling,Observation,"Materials stored in walkways and emergency access routes, obstructing safe movement.",Removed all materials in walkways,2026-04-07T00:00:00.000Z,Emergency Preparedness,Beginning,Negative Observation
96743,Angola,Field Activities,Muconda_drill_site,Drilling (Core & LLD),Observation,"Poor housekeeping resulting in cluttered work areas, increasing the risk of slips, trips, and falls",Reinforce with the team and supervisor leader to improve the housekeeping and tools management,2026-04-07T00:00:00.000Z,Safety,Beginning,Negative Observation
96740,Angola,Field Activities,Muconda_drill_site,Drilling (Core & LLD),Observation,"Workplace organization was found to be inadequate, with tools, equipment, and materials not systematically arranged or clearly identified.","Strengthen housekeeping and workplace organization by enforcing site standards, conducting regular inspections, and assigning responsibility to ensure sustained compliance.",2026-04-07T00:00:00.000Z,Other,Beginning,Negative Observation
96739,Angola,Field Facilities,Muconda_drill_site_fly_camp_accomodation,Accommodation (Company Owned),Observation,"During inspection, it was observed that the air-conditioning unit in the Muconda Fly Camp accommodation was not functioning.",Reported to fleet manager to repair and fix it,2026-04-06T00:00:00.000Z,Other,Beginning,Negative Observation
96598,Angola,Field Facilities,Lucapa Camp,Accommodation (Company Owned),A big presence of bees,there are several swarms of bees making hives in different areas in Lucapa camp,"Raise awareness in toolbox meetings, fog areares that pose a direct risk",2026-04-07T00:00:00.000Z,Safety,Beginning,Negative Observation
96593,Angola,Field Facilities,Muconda,Accommodation (Third Party),House Keeping in kitchen must improve,At the last visit it was noticed that the ladies working in the kitchen need to improve House Keeping in kitchen and general supervision is needed,It was discussed with the team and the senior person on site and continual supervision and correcting is essential,2026-04-01T00:00:00.000Z,Other,Beginning,Negative Observation
96591,Angola,Field Facilities,Muconda,Accommodation (Third Party),Kitchen sink loose,it was noted that the kitchen sink was loose at last visits and the wood needs to be replaced,It was reported and will be repaired within the week,2026-04-05T00:00:00.000Z,Other,Beginning,Negative Observation
96590,Angola,Field Facilities,Lucapa Camp,Accommodation (Company Owned),water leak,It was noted that the was a pipe leaking outside of the ladies ablution,Reported and was immediately repaired,2026-04-04T00:00:00.000Z,Other,Beginning,Negative Observation
96589,Angola,Transport Activities,Saurimo to Lucapa,Light Vehicles,Very young child next to the road,"While traveling from Saurimo to Lucapa, it was notice that there was a very young child on the side of the road unsupervised, that could run in front of the vehicle",Slowed right down and the risks and awareness discussed in the morning tool box talks,2026-04-05T00:00:00.000Z,Safety,Beginning,Negative Observation
96573,RSA Support Services,Field Laboratories,Petrographic services,Treatment & Processing,Leco machine water odour,"During a routine PTO i observed that the water that circulate inside the LECO machine has a very bad odour , when i asked why , i was told because the water has not been changed in a while . so the same old water circulate inside a small enclosed tank in the machine without been changed with a clean one .",Reported to Maintanance supervisor,2026-04-07T00:00:00.000Z,Safety,Beginning,Negative Observation
96391,RSA Support Services,Field Laboratories,IMLA,Sorting & Analysis,SDS/MSDS,When going through the chemicals of the IMLA mounting cabinet and chemical storage I saw that the rubber mold (FOODSIL) chemical's SDS / MSDS was not in the file.,Obtained correct SDS/ MSDS and made sure that it is printed and entered into file,2026-04-02T00:00:00.000Z,Environmental,Beginning,Negative Observation
96349,RSA Support Services,Field Laboratories,Treatment centre - Kimberlite area,Treatment & Processing,Positive Observation: improved housekeeping,The Treatment Plant Operators have responded positively to negative feedback from a recent VFL regarding their housekeeping. This has been significantly improved!,I complimented the Supervisor on the action taken by the team and asked her to pass on the positive observation.,2026-04-01T00:00:00.000Z,Safety,Beginning,Positive Observation
96302,Botswana,Field Facilities,Tsabong Field Camp.,Accommodation (Company Owned),A spider spotted inside women's toilet.,A spider spotted inside women's toilet.,"The team onsite advised about the importance of being vigilant, and always to SLAM.",2026-03-27T00:00:00.000Z,Safety,End-Month,Negative Observation
96301,Botswana,Field Facilities,Tsabong  Camp.,Accommodation (Company Owned),Rainwater entered the ablution block due to heavy rains experienced in the greater Tsabong area.,"Rainwater entered the ablution block due to heavy rains experienced in the greater Tsabong area. This resulted in a pool of water on the floor surface, making it easy for people to slip.",The water was mopped out to make the place safe.,2026-03-27T00:00:00.000Z,Other,End-Month,Negative Observation
96300,Botswana,Field Facilities,Tsabong  Camp.,Accommodation (Company Owned),Wasp nest found hanging by the office block entrance door.,Wasp nest found hanging by the office block entrance door.,"The nest was safely removed, with the individual using proper PPE to cover the whole body, as well as being vigilant.",2026-03-26T00:00:00.000Z,Safety,End-Month,Negative Observation
96297,Botswana,Field Facilities,Tsabong  Field Camp.,Accommodation (Company Owned),Pruning of another batch of salt bush (plants) within the camp.,Pruning of another batch of salt bush (plants) within the camp.,The Operation Support team notified.,2026-03-24T00:00:00.000Z,Other,End-Month,Negative Observation
96290,RSA Support Services,Support Services,Kitchen,Offices & Recreation,Mixing of Waste in the bins in the Kitchen,Food was containers were disposed in the food waste bin instead of being disposed in the food waste container which is affecting the waste separation at source. This is a is a deviation from the waste management practices.,Removed the containers from the food waste bin and disposed them into the food waste container bin.,2026-03-31T00:00:00.000Z,Environmental,End-Month,Negative Observation
96056,RSA Support Services,Support Services,Storage area,Offices & Recreation,Lights on at ESB,Upon arrival at the ESB the lights of the main area as well as the upstairs filing area was on,Upon exiting the building I ensured that all the lights were off,2026-03-26T00:00:00.000Z,Other,End-Month,Negative Observation
95961,RSA Support Services,Field Laboratories,Outside the laboratory next to ladies toilet,Sorting & Analysis,Cracked stepping stone,There is a round stone that you stepped into when going to the ladies rest room is cracked into three pieces,Report to my supervisor and log into Isometrix,2026-03-25T00:00:00.000Z,Safety,End-Month,Negative Observation
95950,RSA Support Services,Field Laboratories, Admin building,Workshops,Non-conformance  - Lack of PPE,Some contractor workers from the Contractor team were removing the cement in order to lift the paving. They were using a chisel and hammer. The workers did not have ear protection and dust masks.,"I spoke to the supervisor to inform him about the workers’ lack of PPE. He addressed the matter, and the workers were issued masks, ear protection, and goggles.",2026-03-25T00:00:00.000Z,Other,End-Month,Negative Observation
95915,RSA Support Services,Field Laboratories,Treatment Recce Area,Offices & Recreation,Fluorescent light bulb broken,Fluorescent light bulb broken in the Recce area by the storage passage,Logged a call with Empact,2026-03-24T00:00:00.000Z,Other,End-Month,Negative Observation
95907,RSA Support Services,Support Services,"Support services , Discovery main building",Offices & Recreation,office White board falling,Jaco office white board is falling,Reported to Empact,2026-03-24T00:00:00.000Z,Other,End-Month,Negative Observation
95906,RSA Support Services,Support Services,"Support services , Discovery main building first floor",Offices & Recreation,Door handle not working properly,Door door handle does not close properly as the screws are loose,Reported to Empact,2026-03-24T00:00:00.000Z,Other,End-Month,Negative Observation
95877,RSA Support Services,Field Laboratories,Outside of GMO building,Facilities & Infrastructure,Blocked drain,I noted that following heavy rains water was coming up through the cover of the storm water drain and bubbling along the sides. This speaks to a blocked drain as the water is bubbling up.,"Took a video, sent it to Riaan (Empact) and enquired as to whether they were aware of the issue and were going to deal with it.",2026-03-23T00:00:00.000Z,Other,End-Month,Negative Observation
95845,RSA Support Services,Support Services,Discovery Main Building,Facilities & Infrastructure,Power Trip,"On the morning of 23 March 2026 at 05H00, arriving at the Main building. I noticed that the lights were off at the entrance and the staircase, As I tried to switch it on there were no power.","Until I informed me that Andrew Fourie's offices also don't have power, I remember the Distribution Board in front of his office, when I opened it, I noticed that the lights have tripped. I switched it on and the lights at entrance, Staircase and Andrew Fourie office went on",2026-03-23T00:00:00.000Z,Other,End-Month,Negative Observation
95782,RSA Support Services,Field Laboratories,Analytical Laboratory,Sorting & Analysis,The EpiPen has expired - needs to be replaced.,"The EpiPen has expired. 

Update by L. Coney: This was located in Analytical, near the DSL-the decision had previously been taken to leave the EpiPen in place until expiry (Pers. Comms Andrew Macdonald and Gert van der Linde). It will not be replaced as there is an EpiPen available in a central location as well as at Reception and it will be disposed of in medical waste by Gert van der Linde.",Informed the area supervisor.,2026-03-23T00:00:00.000Z,Safety,End-Month,Negative Observation
95779,RSA Support Services,Field Laboratories,Analytical Laboratory,Sorting & Analysis,Gas toolbox and gas cylinder monthly checklists not updated for February,Gas toolbox and gas cylinder monthly checklists not updated for February,"Siyanda, Gert and Remus were notified.",2026-03-23T00:00:00.000Z,Environmental,End-Month,Negative Observation
95773,Botswana,Field Facilities,Tsabong  Camp.,Accommodation (Company Owned),Timely resolution of all reported near‑hits—specifically overhanging tree branches and saltbush plants requiring trimming—by security personnel onsite,Timely resolution of all reported near‑hits—specifically overhanging tree branches and saltbush plants requiring trimming—by security personnel onsite.,None.,2026-03-23T00:00:00.000Z,Other,End-Month,Negative Observation
95771,Botswana,Field Facilities,Tsabong Camp.,Accommodation (Company Owned),The saltbush plants along the perimeter fence need to be pruned for better visibility.,The saltbush plants along the perimeter fence need to be pruned for better visibility. Currently it is difficult to monitor the state of the fence.,"The issue raised with Operation Support team onsite. The patrol officers also cautioned to always slam as they move along the fence, as these could as well be hiding place of snakes.",2026-03-21T00:00:00.000Z,Other,End-Month,Negative Observation
95661,RSA Support Services,Support Services,-,Offices & Recreation,Hornet insects and its nest,Hornets were observed on a nest on the inside roof of the Lapa behind main complex building.,Reported to Empact and alerted other employees.,2026-03-18T00:00:00.000Z,Other,Mid-Month,Negative Observation
95653,Botswana,Field Facilities,Tsabong Camp.,Accommodation (Company Owned),"Loose gravel, uneven sandy patches and potential ""washboarding"" or hidden ridges that could cause vehicle to loose traction (resulting in skidding), tire puncture from sharp stones, or a tripping hazard for pedestrians.","Loose gravel, uneven sandy patches and potential ""washboarding"" or hidden ridges that could cause vehicle to loose traction (resulting in skidding), tire puncture from sharp stones, or a tripping hazard for pedestrians.",Both vehicle drivers and pedestrians advised exercising caution when using the stretch of road for their own safety and others.,2026-03-20T00:00:00.000Z,Safety,Mid-Month,Negative Observation
95652,Botswana,Field Facilities,Tsabong Camp.,Accommodation (Company Owned),"Over extended or dead wood branches that could potentially snap, falling into a person, vehicles or even blocking the pathways.","Over extended or dead wood branches that could potentially snap, falling into a person, vehicles or even blocking the pathways.","The team advised avoiding walking underneath the trees and always SLAM. If the threat persists, pruning of the hanging branches advised.",2026-03-19T00:00:00.000Z,Safety,Mid-Month,Negative Observation
95651,Botswana,Field Facilities,Tsabong Field Camp.,Accommodation (Company Owned),Outside lights for office block are not working.,"Outside lights for office block are not working. If not attended, this can pose risks more especially in the night when security officers are doing their routine patrols.",The Operation Support Officer was notified. The team on ground advised using torches when doing night patrols.,2026-03-18T00:00:00.000Z,Other,Mid-Month,Negative Observation
95650,Botswana,Field Facilities,Tsabong  Camp.,Accommodation (Company Owned),A spider found inside the toilet in the ablution block.,A spider found inside the toilet in the ablution block.,The team advised remaining vigilant and always SLAM.,2026-03-18T00:00:00.000Z,Safety,Mid-Month,Negative Observation
95649,Botswana,Field Facilities,Tsabong Camp.,Accommodation (Company Owned),A monitor lizard found inside the main kitchen.,"A monitor lizard found inside the main kitchen. While it might not be dangerous, it can attract creatures like snakes.",The team onsite notified and advised to always be vigilant.,2026-03-18T00:00:00.000Z,Safety,Mid-Month,Negative Observation
95645,RSA Support Services,Field Laboratories,Opposite STC kitchen,Treatment & Processing,Observation,"I observe a black plastic bag with waste inside for a week, I don't know what is inside.",reported to my supervisor about it.,2026-03-20T00:00:00.000Z,Environmental,Mid-Month,Negative Observation
95461,RSA Support Services,Field Laboratories,Outside next to Lapa area,Sorting & Analysis,Litter,"As I walk pass from the lab, I grab a piece of sweet paper off the outside floor for the second time.",I grab sweet paper to toss it into the bin.,2026-03-16T00:00:00.000Z,Other,Mid-Month,Negative Observation
95280,Angola,Field Facilities,Muconda_workshop_area,General Storage,Damaged hoses present in the work area,Damaged hoses present in the work area,Remove all damaged hoses in work area and reinforce the housekeeping and materials control segregation before after job done,2026-03-11T00:00:00.000Z,Other,Mid-Month,Negative Observation
95278,Angola,Field Facilities,Muconda_Storage area_Workshop,General Storage,Unsafe act. Lack of proper storage for hoses,Lack of proper storage for hoses,Install dedicated hose storage racks or reels in appropriate operational areas.,2026-03-11T00:00:00.000Z,Other,Mid-Month,Negative Observation
95275,Angola,Transport Activities,Muconda_drill_site_road_access_conditions,Light Vehicles,Unsafe condition,"Multiple teams—including logistics, drilling support, rig move personnel, and contractor transport crews—are using the same rain‑affected access road without clear coordination. Due to poor communication, inconsistent movement schedules, and absence of centralized control, vehicles are entering unstable road sections simultaneously or attempting recovery actions independently.","Communicated the hazard to all supervisors and drivers via radio.
Paused all non-essential vehicle movement until coordination was re-established.
Implemented spotters and restricted travel to one vehicle at a time through degraded sections.",2026-03-09T00:00:00.000Z,Safety,Beginning,Negative Observation
95273,Angola,Transport Activities,Muconda_drill_site_road_access,Light Vehicles,Unsafe condition,"The degraded access road leading to the Muconda drill‑site lacks temporary reinforcement materials such as gravel, crushed rock, timber mats, or geotextile stabilizers. Due to continuous rainfall, the road surface has softened significantly, resulting in deep mud, rutting, and unstable ground.","Communicated road condition hazards to site personnel and drivers via radio.
Identified and marked the most unstable areas to keep vehicles away.",2026-03-10T00:00:00.000Z,Safety,Beginning,Negative Observation
95269,Angola,Transport Activities,Muconda_drill_site_access,Light Vehicles,Unsafe condition,"The current road conditions on the Muconda drill‑site access route—characterized by deep mud, standing water, uneven surfaces, vehicles stuck in multiple locations, and ongoing rainfall—pose a significant risk of delayed medical evacuation should an injury occur","Positioned personnel with radios at key choke points for monitoring.
Identified and flagged the most passable alternative routes.
Ensured first‑aid kits and trained personnel are available at nearest work fronts in case of injury.
Placed recovery equipment on standby to clear routes for emergency access if needed",2026-03-10T00:00:00.000Z,Safety,Beginning,Negative Observation
95266,Angola,Transport Activities,Muconda_drill_site_road_acess,Other,Unsafe conditions,"Due to sustained rainfall and saturated soil conditions, groundwater levels in the Muconda drill‑site access area have risen, creating deep soft spots along and beneath the roadway.","Restricted vehicle movement in low‑lying areas where soft spots are suspected, marked known soft ground zones using cones/flags to prevent wheel loading on unstable sections,
Instructed drivers to avoid these areas entirely and use alternative tracks.
Assigned supervisors to guide any essential vehicle movement.",2026-03-09T00:00:00.000Z,Safety,Beginning,Negative Observation
95262,Angola,Field Activities,Muconda_drill_site_road_acess,Drilling (Core & LLD),Unsafe conditions,"Weather forecasts indicate continued rainfall in the Muconda drill‑site area. The access road is already severely waterlogged, deeply rutted, and structurally unstable.",Activated weather-monitoring protocol for continued rainfall alerts and instructed all teams to use alternative access routes where possible.,2026-03-11T00:00:00.000Z,Safety,Mid-Month,Negative Observation
95259,Angola,Transport Activities,Muconda_drill_site_road access,Light Vehicles,Unsafe condition,Vehicles traveling through the saturated and muddy access road are engaging in excessive wheel spinning as drivers attempt to gain traction.,Redirected traffic to alternate or firmer areas where available.,2026-03-10T00:00:00.000Z,Safety,Beginning,Negative Observation
95257,Angola,Transport Activities,Muconda_drill_site_road_acess,Heavy Duty Vehicles,Unsafe conditions,"Vehicles attempting to traverse the rain‑damaged access road are tilting significantly due to the extremely uneven, rutted, and unstable ground surface",Ensured that no personnel remain downhill or within the line‑of‑fire of tilted vehicles.,2026-03-11T00:00:00.000Z,Safety,Mid-Month,Negative Observation
95255,Angola,Transport Activities,Muconda_drill_site_road_acess,Heavy Duty Vehicles,Unsafe condtion,A heavy truck is immobilized in deep mud along the access road,Ensured recovery performed only by competent personnel using rated equipment.,2026-03-09T00:00:00.000Z,Safety,Beginning,Negative Observation
95253,Angola,Transport Activities,Muconda_drill_site_road_acess,Heavy Duty Vehicles,Unsafe condition,Standing water has accumulated inside multiple deep wheel ruts along the access road,"Marked hazardous areas using flags/cones to prevent vehicles from driving into water‑filled ruts, directed drivers to maintain safe distance and avoid the submerged areas entirely.",2026-03-10T00:00:00.000Z,Safety,Beginning,Negative Observation
95251,Angola,Transport Activities,Muconda_drill_site_road acess,Light Vehicles,Unsafe condition,"The access road leading toward the drill‑site area is heavily saturated with deep mud, caused by recent rainfall.",Stopped all non‑essential vehicle traffic through the affected section and warned site personnel via radio notice.,2026-03-09T00:00:00.000Z,Safety,Beginning,Negative Observation
95173,RSA Support Services,Field Laboratories,STC,Treatment & Processing,Ultrasonic bath,While closing and switching off light when preparing to knock off i noticed that the  TPOs (operators)  had switch off the ultrasonic bath but forgot to switch it off from the circuit plug and i noticed because there was still power showing on it .,unplugged the ultrasonic bath from the circuit  and following day i had a brief meeting to alert the team on what happened and to remind them to always unplug it from the wall as well .,2026-03-11T00:00:00.000Z,Other,Mid-Month,Negative Observation
94916,Angola,Company Offices,Lucapa campsite,Facility & Infrastructure,Good practices,Strong organizational practices in the workshop work areas,Congratulate the operations team,2026-03-05T00:00:00.000Z,Other,Beginning,Positive Observation
94915,Angola,Field Activities,Muconda drill_site,Drilling (Core & LLD),Good practice,Supervisors cleaning the working area,Congratulate  the Mitchell drilling team,2026-03-03T00:00:00.000Z,Other,Beginning,Positive Observation
94914,Angola,Field Activities,Muconda drill site,Drilling (Core & LLD),Good practices,Good use of PPE during drilling activities,Congratulate the team,2026-03-03T00:00:00.000Z,Safety,Beginning,Positive Observation
94913,Angola,Field Facilities,Muconda drill site,General Storage,Good practice,Good Waste Management on Site,Congratulate the team and keep up working safely,2026-03-02T00:00:00.000Z,Environmental,Beginning,Positive Observation
94905,Angola,Company Offices,Lucapa campsite,Facility & Infrastructure,Unsafe condition,Lack of lightening in main toilet,Reported to electrician operator to solve it...,2026-03-05T00:00:00.000Z,Other,Beginning,Negative Observation
94904,Angola,Company Offices,Lucapa campsite,Facility & Infrastructure,Unsafe condition,Water leakage in area,Reported to operation team and they fixed it,2026-03-06T00:00:00.000Z,Other,Beginning,Negative Observation
94903,Angola,Company Offices,Lucapa campsite,Facility & Infrastructure,Unsafe condition,The laundry room fan isn’t working,Reported to fleet manager,2026-03-03T00:00:00.000Z,Other,Beginning,Negative Observation
94902,Angola,Company Offices,Lucapa campsite,Facility & Infrastructure,Unsafe condition,The plywood panels in the Contractor inventory container are damaged and require replacement.,Reported to fleet manager,2026-03-06T00:00:00.000Z,Other,Beginning,Negative Observation
94897,Angola,Field Facilities,-,Kitchen,Unsafe conditions,"The food storage container has no internal lighting, creating inadequate visibility for operations.",Install lighting to creating adequate visibility for kitchen staff,2026-03-02T00:00:00.000Z,Safety,Beginning,Negative Observation
94896,Angola,Field Facilities,Lucapa campsite,Kitchen,Safety suggestion,"
Install dedicated and properly rated electrical outlets for the fryers to ensure safe operation.",Reported to electrical officer,2026-03-06T00:00:00.000Z,Safety,Beginning,Negative Observation
94694,Angola,Company Offices,Office,Facility & Infrastructure,Bad smell in the 9th floor,"on 20/02/2026, a strong burning smell was detected in the restroom area on the 9th floor of the building, apparently of electrical origin.","The building maintenance team was immediately notified and proceeded to the site to carry out the inspection, where they identified a burnt-out bulb in the stairwell area.",2026-02-20T00:00:00.000Z,Safety,Mid-Month,Negative Observation
94629,RSA Support Services,Field Laboratories,STC water purification,Treatment & Processing,Water leakage,"Theres a pool of water  on the floor by water purification room , this needs to be investigated with maintanance supervisor on wether its from rain or the Deionised water tank .",Reported to maintanance supervisor for further investigation,2026-03-02T00:00:00.000Z,Other,Beginning,Negative Observation
94458,Angola,Sample Processing,Muconda_Subcontrator_workshop are,Storage & Handling,Unsafe condition,The workshop area is not maintained in good housekeeping condition.,"Remove any tripping hazards such as sharp edges, loose pieces, or blocked pathways",2026-02-26T00:00:00.000Z,Safety,End-Month,Negative Observation
94455,Angola,Field Facilities,Muconda_fly_camp,Accommodation (Company Owned),Unsafe condition,WC in improper working condition.,Report the issue to Facilities/Maintenance for urgent repair and fix it,2026-02-25T00:00:00.000Z,Other,End-Month,Negative Observation
94453,Angola,Field Facilities,Muconda fly_camp,Accommodation (Company Owned),Unsafe condition,Segregation issues identified in the asset area.,Identify and separate all mixed materials,2026-02-25T00:00:00.000Z,Other,End-Month,Negative Observation
94449,Angola,Field Facilities,Muconda_fly_camp,Accommodation (Company Owned),Unsafe condition,An electrical panel was found with its door open.,Close and properly secure the electrical panel door to prevent exposure to live components.,2026-02-25T00:00:00.000Z,Safety,End-Month,Negative Observation
94448,Angola,Field Activities,Muconda drill site,Materials Handling,Unsafe conditions,Lack of metal scrap bin/skip,Provide a metal scrap bin/skip in the designated work area to ensure proper disposal of metal waste.,2026-02-26T00:00:00.000Z,Other,End-Month,Negative Observation
94447,Angola,Sample Processing,Muconda_fly_camp,Waste Management,Unsafe conditions,Obstructed Pathway in Scrap Area,Remove the materials immediately from the walkway to restore a clear and safe path.,2026-02-24T00:00:00.000Z,Other,End-Month,Negative Observation
94446,Angola,Field Activities,Muconda_drill_site,Drilling (Core & LLD),Unsafe condition,Ear plugs on the floor poor housekeeping,"Call the supervisor team leader to ensure proper housekeeping before and after job done, and segregate the waste properly",2026-02-24T00:00:00.000Z,Safety,End-Month,Negative Observation
94442,Angola,Transport Activities,Muconda,Light Vehicles,Unsafe condition,Rear back light not working properly,Reported to fleer manager to fix it,2026-02-26T00:00:00.000Z,Other,End-Month,Negative Observation
94441,Angola,Transport Activities,Muconda accomodation,Light Vehicles,Unsafe condition,Air conditioning system not functioning in land cruiser company vehicle,Reported to fleet manager arrange for the vehicle to be sent to Lucapa for full maintenance and ensure it only returns to operation once all identified issues have been properly resolved.,2026-02-26T00:00:00.000Z,Safety,End-Month,Negative Observation
94428,Angola,Company Offices,Lucapa campsite,Facility & Infrastructure,Unsafe act,It was noticed that the urinal tap in the men's ablutions was left open for many hours,Closed immediately and reported to fleet manager and operation team,2026-02-23T00:00:00.000Z,Other,End-Month,Negative Observation
94427,Angola,Company Offices,Lucapa campsite,Facility & Infrastructure,Unsafe act,It was noticed that a pipe underground at the plant was leaking,Reported to operations and fleet manager in our daily TBT,2026-02-23T00:00:00.000Z,Other,End-Month,Negative Observation
94426,Angola,Company Offices,Lucapa,Facility & Infrastructure,Unsafe act,Tap at the ablutions behind the workshop left open,Conduct a short awareness briefing for all employees on water management and discipline,2026-02-23T00:00:00.000Z,Other,End-Month,Negative Observation
94425,Angola,Company Offices,Lucapa cmapsite,Facility & Infrastructure,Unsafe act,I found toile shower open in man toilets,Closed the shower and reinforced the team before left the shower make sure it is closed,2026-02-17T00:00:00.000Z,Other,Mid-Month,Negative Observation
94424,Angola,Company Offices,Lucapa campsite,Facility & Infrastructure,Unsafe act,The urinal tap at the office area was left open,Close the tap immediately and briefed all the team in our daily toolbox talk short awareness on water conservation,2026-02-21T00:00:00.000Z,Other,End-Month,Negative Observation
94398,RSA Support Services,Support Services,-,Offices & Recreation,Tables kept under the staircase at Resource Centre,Tables kept under the staircase at Resource Centre,Requested Empact to remove the tables,2026-02-25T00:00:00.000Z,Other,End-Month,Negative Observation
94397,RSA Support Services,Support Services,-,Offices & Recreation,A screw is loose on fire extinguisher W203,A screw is loose on fire extinguisher W203,Logged a call on ESS,2026-02-24T00:00:00.000Z,Safety,End-Month,Negative Observation
94396,RSA Support Services,Support Services,Technical Services,Offices & Recreation,Old IM & RSA Exploration offices require cleaning due to dust,Old IM  offices require cleaning due to dust,Arranged with Empact to get the offices cleaned,2026-02-24T00:00:00.000Z,Other,End-Month,Negative Observation
94395,RSA Support Services,Support Services,Resource Center,Offices & Recreation,Pest control inspection overdue at the Resource Center,Pest control inspection overdue at the Resource Center,Logged a call on ESS,2026-02-24T00:00:00.000Z,Other,End-Month,Negative Observation
94393,RSA Support Services,Support Services,Resource Centre bunker,Offices & Recreation,Fluorescent light cover has fallen off at Resource Centre bunker,Fluorescent light cover has fallen off at Resource Centre bunker,Logged a call on ESS,2026-02-25T00:00:00.000Z,Other,End-Month,Negative Observation
94298,Botswana,Field Facilities,Tsabong Field Camp.,Accommodation (Company Owned),A gully (water-carved ditch) developed beneath the perimeter fence due to heavy rains experienced in the area.,"A gully (water-carved ditch) developed beneath the perimeter fence due to heavy rains experienced in the area. If left unattended, it could grow, resulting in exposed fence. This could result in animals entering the camp, and compromised security.","The Operation Support person onsite notified, and the team to keep an open eye on the issue as rains continues in the greater Tsabong area.",2026-02-24T00:00:00.000Z,Other,End-Month,Negative Observation
94296,Botswana,Field Facilities,Tsabong Field Camp,Accommodation (Company Owned),A spider found inside the office block.,A spider found inside the office block.,"The team reminded to always SLAM, especially entering offices that are not frequently used.",2026-02-23T00:00:00.000Z,Safety,End-Month,Negative Observation
94265,Angola,Field Facilities,Muconda fy_camp,Accommodation (Company Owned),Good observation,Good housekeeping and accommodation campsite well organized and Tyde,congratulate the operations team and pushing them to keep the best practices and standards,2026-02-24T00:00:00.000Z,Safety,End-Month,Positive Observation
94187,RSA Support Services,Field Laboratories,-,Facilities & Infrastructure,Rain meter,"On Thursday 19 Feb 2026 at 15.30, I noticed that the rain meter at the Lapa was laying on the ground.
","I took it and put it at the Lapa area.
Work request was logged for maintenance to repair. 4988",2026-02-23T00:00:00.000Z,Other,End-Month,Negative Observation
94169,Botswana,Field Facilities,Tsabong Field Camp.,Accommodation (Company Owned),A scorpion found inside the main kitchen facility.,A scorpion found inside the main kitchen facility.,"The team on ground alerted about the presence of these harmful creatures including snakes. The importance of SLAM and always putting on clothing that covers the whole body, especially the closed shoes.",2026-02-22T00:00:00.000Z,Safety,End-Month,Negative Observation
94168,Botswana,Field Facilities,Field Camp.,Accommodation (Company Owned),"A small, striped snake (psammophylax tritaeniatus) was spotted hanging on the tree branches along the perimeter fence.","A small, striped snake (psammophylax tritaeniatus) was spotted hanging on the tree branches along the perimeter fence. it is a common, harmless, striped snake found across most of Botswana.","No action. The team reminded about the presence of snakes around this time of the year, especially during rainy season as the food (rats, insects) is in abundance.",2026-02-21T00:00:00.000Z,Safety,End-Month,Negative Observation
94167,Botswana,Field Facilities,Tsabong Field Camp.,Accommodation (Company Owned),A scorpion spotted inside the security guard room.,A scorpion spotted inside the security guard room.,"The team reminded to always close the doors, and ensure they have adequate lighting especially in the night. The use of closed shoes at all times was emphasized.",2026-02-19T00:00:00.000Z,Safety,Mid-Month,Negative Observation
94166,Botswana,Field Facilities,Tsabong Field Camp.,Accommodation (Company Owned),A scorpion spotted underneath the waste bin.,A scorpion was spotted underneath the waste bin at the field camp.,"The team advised to be cautious when moving things around, and always SLAM.",2026-02-15T00:00:00.000Z,Safety,Mid-Month,Negative Observation
94144,Angola,Field Facilities,Lucapa camp gym,Accommodation (Company Owned),Lights left on,Lights at the gym were left on.,Switched off,2026-02-17T00:00:00.000Z,Other,Mid-Month,Negative Observation
94072,Angola,Transport Activities,Muconda Drill Camp,Heavy Duty Vehicles,truck has no spare wheel,During a routine inspection it was noticed that one of the DB trucks used by Mitchell Drilling did not have a spare wheel,the Concern was immediately raised with the onsite supervisor and it was determined that the wheel was removed and used on one of there trucks that had a puncture and the wheel is in Saurimo. The wheel is in the process of being return and will be fitted on the truck in the next few days,2026-02-14T00:00:00.000Z,Other,Mid-Month,Negative Observation
94071,Angola,Transport Activities,Muconda Dril camp,Heavy Duty Vehicles,House keeping inside trucks is poor,"During a equipment inspection it was notice that the house keeping in the trucks used by Mitchell drilling was poor, Cabin was dirty and emergency tools and sling were everywhere and not packed in the correct location","It was discussed with the team onsite, the cabin and tools were organised, and we will continue to check.",2026-02-13T00:00:00.000Z,Emergency Preparedness,Mid-Month,Negative Observation
94065,Angola,Field Facilities,Lucapa workshop,Workshop,boxes of welding rod left out over night,it was noticed that two boxes of welding rod had been forgot to be put in the locked store at the end of the day,Discussed with the team member and the welding rod were put in the store,2026-02-18T00:00:00.000Z,Safety,Mid-Month,Negative Observation
94064,Angola,Company Offices,Lucapa Camp,Facility & Infrastructure,erosion along the fence,From all the heave rain there is a lot of erosion along parts of the perimeter fence,Back filled the affected areas,2026-02-19T00:00:00.000Z,Other,Mid-Month,Negative Observation
94063,Angola,Sample Processing,Lucapa camp at the plant area,Facility & Offices,Underground water pipe leaking,It was notived that a pipe underground at the plant was leaking,The pipe was excavated and repaired,2026-02-18T00:00:00.000Z,Other,Mid-Month,Negative Observation
94062,Angola,Company Offices,Lucapa Camp mens ablution,Facility & Infrastructure,urinal tap not closed,It was noticed that the urinal tap in the men's ablutions was left open for many hours,tape close and discussed in morning toolbox talks,2026-02-17T00:00:00.000Z,Other,Mid-Month,Negative Observation
94061,Angola,Transport Activities,Muconda,Light Vehicles,Wheel nuts check and found not to be evenly tightened,"A vehicle had a puncture and the spare was fitted in the field, the maintenance team checked the wheel for correct tightens and found that not all nuts were tightened the same, although not loose two were not tight enough",The nuts were tightened in front of the driver and explained the importance of ensuring all nuts arre properly and evenly tightened. I has also been discussed in our toolbox talks,2026-02-11T00:00:00.000Z,Safety,Mid-Month,Negative Observation
94060,Angola,Transport Activities,Muconda Drill Camp,Heavy Duty Vehicles,truck wheel nut indicator facing up,during a equipment inspection it was note that the one wheel on the had two wheel nut indicator pointing up,"the nut were checked and found to be loose, further all wheels on both trucks were checked and no other nuts were found loose",2026-02-14T00:00:00.000Z,Other,Mid-Month,Negative Observation
94021,Angola,Company Offices,Muconda,Facility & Infrastructure,Good observation,Took box talk in Muconda Base (  Talked about how to how and when to use SLAM,Congratulate the team good topic,2026-02-17T00:00:00.000Z,Other,Mid-Month,Positive Observation
94019,Angola,Transport Activities,Saurimo,Other,Unsafe condition,"Afternoon all.
Light rain at Saurimo. 
We are now leaving Saurimo heading to LUCAPA",Reinforce with the driver to driver according to the rain and road condition,2026-02-17T00:00:00.000Z,Other,Mid-Month,Negative Observation
94018,RSA Support Services,Field Laboratories,Indicator mineral laboratory Treatment Facility,Treatment & Processing,Positive observation,"The deionised water was not working this morning, it was reported to the supervisor andContractor.The employee looked on the LST control panel to see where the problem was located. He had used the system before to identify where problems were. He showed the collegue where to look and how to use the system to identify where the problems are.",The team assisting were informed of the problem and used this to try and sort out the issue quicker than having to trouble shoot from the beginning.,2026-02-18T00:00:00.000Z,Other,Mid-Month,Positive Observation
94017,Angola,Field Facilities,Muconda drill_site,Accommodation (Tented),Unsafe condition,"Morning team,
We experienced heavy rain with thunderstorms at Muconda Fly-Camp from 5:00 am to 6:15 am. As it is still raining, the team will be advised to adjust and work according to the conditions.",the team will be advised to adjust and work according to the conditions.,2026-02-18T00:00:00.000Z,Other,Mid-Month,Negative Observation
94016,Angola,Company Offices,Lucapa campsite,Facility & Infrastructure,Unsafe act,Tap at the ablutions behind the workshop left open,Close the ablutions tap,2026-02-17T00:00:00.000Z,Other,Mid-Month,Negative Observation
94015,Angola,Transport Activities,Muconda,Light Vehicles,Hazardous observation,"Today on the way to Muconda, while swapping cars, we heard a explosion sound and noticed smoke coming from the left lower side of the front bumper and realised that, the lens must have fallen and the lamp exploded when in contact with water.
We may need to pay more attention to the fog lights, when doing car inspection.",Reported immediately to fleet manager to repair and fix it,2026-02-17T00:00:00.000Z,Other,Mid-Month,Negative Observation
93749,Angola,Company Offices,Lucapa campsite,Facility & Infrastructure,Lucapa Campsite,"Stagnant water, grass and garbage under warehouse containers",Improve the housekeeping all accommodation area,2026-02-13T00:00:00.000Z,Other,Mid-Month,Negative Observation
93748,Angola,Field Facilities,Lucapa campsite,Accommodation (Company Owned),Unsafe condition,Poor housekeeping around the Contractor kitchen area,Call all the Placial team to clean up the area,2026-02-13T00:00:00.000Z,Safety,Mid-Month,Negative Observation
93747,Botswana,Field Facilities,Tsabong  Camp,Accommodation (Company Owned),Office blocks 's outside lights are not working properly.,Office blocks outside lights are not working properly.,The OPS team was alerted. The team onsite advised to remain vigilant especially during night patrols as the walkways may not be properly luminated.,2026-02-12T00:00:00.000Z,Other,Mid-Month,Negative Observation
93746,Angola,Company Offices,Lucapa campsite,Facility & Infrastructure,Hazardous observation,I found toile shower open in man toilets,I closed the water tap shower,2026-02-13T00:00:00.000Z,Other,Mid-Month,Negative Observation
93744,Botswana,Field Facilities,Tsabong  Field Camp,Accommodation (Company Owned),"Water pipe burst, resulting in water coming from underground next to the kitchen area (close to a black Jojo tank).","Water pipe burst, resulting in water coming from underground next to the kitchen area (close to a black Jojo tank).",All the pressure pumps were immediately switched off to reduce water pressure into the camp supply lines.,2026-02-02T00:00:00.000Z,Other,Beginning,Negative Observation
93709,RSA Support Services,Support Services,Entrance to Office,Offices & Recreation,Sewage spill,Sewage spill and bad smell also reported on Tuesday 10th Feb 2026,Reported to Impact,2026-02-12T00:00:00.000Z,Environmental,Mid-Month,Negative Observation
93699,RSA Support Services,Field Laboratories,Offices,Offices & Recreation,Loose contrete by the turnstile gate,There is a loose concrete piece by the turnstile gate by the admin block.,Reported the issue to the area supervisor and Impact.,2026-02-12T00:00:00.000Z,Other,Mid-Month,Negative Observation
93266,Botswana,Field Facilities, Tsabong Field Camp.,Accommodation (Company Owned),First aid (sprain ankle) simulation conducted by Security Systems Officers at Camp.,"As part of the emergency response plan for the Tsabong Project, a simulation of ankle sprain was conducted on 29th Jan 2026. The scenario was that the day shift guards were changing shift with the night shift team as they were patrolling around the camp as a normal routing work. The simulation involved security team only, first aiders from Security personnel. The simulation involved a scenario whereby security guard was patrolling around the camp where her right leg got stuck in the squirrel hole in the camp.",The simulation outcome was communicated to the larger DBHB team in the form of a written report.,2026-01-29T00:00:00.000Z,Emergency Preparedness,End-Month,Negative Observation
93199,RSA Support Services,Support Services,Next to the southern stairway in Technical Services,Facilities & Infrastructure,Water leak causing a puddle next to the stairs (not a pedestrian walkway),This morning I noted a puddle of water next to the southern stairs leading to Technical Services. This is not in a pedestrian walkway,I informed Empact - I have logged a similar call before.,2026-02-02T00:00:00.000Z,Other,Beginning,Negative Observation
93056,Botswana,Field Facilities,Tsabong Field Camp.,Accommodation (Company Owned),Safe loading of metal containers into trucks using cranes by independent contractors.,Safe loading of metal containers into trucks using cranes by independent contractors. These were bought during auction in 2025.,"The De Beers representative (Operation Support Officer) was full time onsite, supervising and ensuring that the contractors strictly follow procedures.",2026-01-29T00:00:00.000Z,Other,End-Month,Negative Observation
92975,RSA Support Services,Field Laboratories,Workshop Admin Block,Workshops,Observation,Expired face mask in the office,Supervisor to inform the team to dispose the expired face masks.,2026-01-28T00:00:00.000Z,Other,End-Month,Negative Observation
92962,RSA Support Services,Field Laboratories,Resource center,Offices & Recreation,Gaseous fire suppression system alarm,Noticed gaseous fire suppression system alarm in the Resource center.,Logged an ESS call,2026-01-28T00:00:00.000Z,Safety,End-Month,Negative Observation
92937,Angola,Field Facilities,Lucapa Camp,Workshop,Team doing slams,an acknowledgement that the different teams working at Lucapa camp are doing slam for all the tasks being done and handing the to the manager,The team was congratulated and motivated to keep up the good behaviors,2026-01-26T00:00:00.000Z,Other,End-Month,Negative Observation
92936,Angola,Field Facilities,Lucapa workshop,Workshop,Old batteries need to be removed from batery charging store,There are many old batteries that must be removed from battery charging store.,Charged and tested batteries and remove the old ones to the hazardous waste store area,2026-01-28T00:00:00.000Z,Other,End-Month,Negative Observation
92935,Angola,Transport Activities,Road to Drillsite in Muconda,Light Vehicles,Vehicle got stuck in Mud,Vehicle returning from the drilling camp got stuck in mud,Used the recovery equipment and managed to get out,2026-01-20T00:00:00.000Z,Safety,Mid-Month,Negative Observation
92934,Angola,Transport Activities,Muconda Camp,Light Vehicles,Puncture,we have had 3 puncture on the road to the Muconda Camp from roots and stumps with in a week,Replace place the wheel and repair the punctures,2026-01-28T00:00:00.000Z,Safety,End-Month,Negative Observation
92933,Angola,Field Facilities,Lucapa yard,Accommodation (Company Owned),water in tanks and drums stored in the yard,Some tanks used for drilling have filled with water because of the rains,Drained the tanks,2026-01-26T00:00:00.000Z,Other,End-Month,Negative Observation
92931,Angola,Field Facilities,Lucapa Camp,Accommodation (Company Owned),Urinal tap not closed properly,The urinal tap at the office area was left open,Tap closed and discussed in morning meeting,2026-01-22T00:00:00.000Z,Other,End-Month,Negative Observation
92930,Angola,Transport Activities,Driving from Saurimo to Lucapa,Light Vehicles,Car overtaking oncoming truck,while traveling to Lucapa a car overtook a oncoming truck and out driver had do reduce speed and move to the side,"Driver reduced his speed, It was discussed in the toolbox the next morning that when passing truck be aware that car could overtake and posed a risk",2026-01-20T00:00:00.000Z,Other,Mid-Month,Negative Observation
92929,Angola,Field Facilities,Lucapa campsite,Accommodation (Company Owned),AC replacement,"One of Contractors's employees , who participated in replacing the air conditioning units in some of the camp's offices, expressed his gratitude that the work had gone smoothly.",Reported during today’s Toolbox Talk,2026-01-28T00:00:00.000Z,Other,End-Month,Negative Observation
92928,Angola,Transport Activities,Lucapa campsite,Light Vehicles,Safe trip to Saurimo on 27th Jan.,"One of Placial's employees, who traveled on 27/01/2029, from Lucapa to Saurimo for shopping, expressed gratitude that the trip went smoothly and without any incidents.",reported in the toolbox talks meeting today.,2026-01-28T00:00:00.000Z,Other,End-Month,Negative Observation
92908,Angola,Company Offices,Offices,Office Activities,Burnt-out bulb on the 9th floor,Five Burnt-out bulb observed on the 9th floor.,Maintenance service was informed and fixed immediately.,2026-01-14T00:00:00.000Z,Other,Mid-Month,Negative Observation
92900,RSA Support Services,Field Laboratories,Laboratory,Offices & Recreation,Compressed air leak,"head the noise coming out of the instrument, checked, closed the compressed air valve and reported the incident.",closed the compressed air valve and reported the incident.,2026-01-06T00:00:00.000Z,Other,Beginning,Negative Observation
92848,RSA Support Services,Field Laboratories,"Main Complex building, Ladies Bathroom",Offices & Recreation,Falling off fan,Extraction fan in the ladies bathroom is about to fall,Reported it to Empact,2026-01-26T00:00:00.000Z,Other,End-Month,Negative Observation
92845,Angola,Field Facilities,Muconda New building,Accommodation (Third Party),Mold on interior walls,Mold observed on the rooms in the newly rented building in Muconda,The OPS team has included this to the overall refurbishment plan.,2026-01-14T00:00:00.000Z,Other,Mid-Month,Negative Observation
92775,Botswana,Field Facilities,Tsabong Field Camp.,Accommodation (Company Owned),A Spider spotted within the coreshed facility.,A Spider spotted within the coreshed facility.,The team advised to always SLAM and use recommended PPE.,2026-01-23T00:00:00.000Z,Safety,End-Month,Negative Observation
92774,Botswana,Field Facilities, Tsabong Field Camp.,Accommodation (Company Owned),"De Beers employee, taking the De Beers International Graduate Development Program (IGDP) students through induction at the camp.",  taking the  International Graduate Development Program (IGDP) students through induction at the camp. The induction was detailed and thorough.,No action taken.,2026-01-21T00:00:00.000Z,Safety,End-Month,Negative Observation
92773,Botswana,Field Facilities,Tsabong Field camp.,Accommodation (Company Owned),The shade net from the structure is torn and hanging loose.,The shade net from the structure is torn and hanging loose in Tsabong  Field camp.,The Operation Support team notified about the issue.,2026-01-20T00:00:00.000Z,Other,Mid-Month,Negative Observation
92772,Botswana,Field Facilities, Tsabong field camp.,Accommodation (Company Owned),"A leakage at the connection point, where flush pipe enters the bottom of the toilet tank.","A leakage at the connection point, where flush pipe enters the bottom of the toilet tank.","The Operation Support Officer notified about the issue. Meantime, the team advised not to use the said toilet until repairs are done.",2026-01-19T00:00:00.000Z,Other,Mid-Month,Negative Observation
92771,Botswana,Field Facilities, Field camp.,Accommodation (Company Owned),A Scorpion spotted inside the camp during patrol.,A Scorpion spotted inside the camp during patrol.,The team alerted and advised to remain vigilant especially when lifting things like bins.,2026-01-18T00:00:00.000Z,Safety,Mid-Month,Negative Observation
92770,Botswana,Field Facilities,Tsabong Field camp.,Accommodation (Company Owned),"The wasp (net) seen underneath the verandah, as you go into the coreshed area.","The wasp (net) seen underneath the verandah, as you go into the coreshed area.",The team alerted and advised to avoid the entrance close to the verandah where the wasp is located.,2026-01-16T00:00:00.000Z,Safety,Mid-Month,Negative Observation
92769,Botswana,Field Facilities,Tsabong Field camp.,Accommodation (Company Owned),A spider spotted inside the conference room.,A spider spotted inside the conference room.,The team alerted and advised to remain vigilant as well as SLAM.,2026-01-15T00:00:00.000Z,Safety,Mid-Month,Negative Observation
92768,Botswana,Field Facilities,Tsabong Field Camp.,Accommodation (Company Owned),The filler foam used in the guard room is worn-out.,"The filler foam used in the guard room is worn-out, making the structure weak and also making it easy for creatures to get inside the guard room.",The information was shared timely with DBHB Operation office for further assessment and action.,2026-01-15T00:00:00.000Z,Other,Mid-Month,Negative Observation
92767,Botswana,Field Facilities,TsabongField Camp.,Accommodation (Company Owned),The spider spotted under the dustbin.,The spider spotted under the dustbin inside the kitchen area.,The team on ground notified to remain vigilant and always SLAM.,2026-01-15T00:00:00.000Z,Safety,Mid-Month,Negative Observation
92733,Angola,Field Facilities,Kitchen,Kitchen,Leaks in the kitchen ceiling,"The kitchen ceiling has leaks, and during the rainy season, this causes water to drip onto the floor and through holes located very close to the stove area, making it difficult to continue working in the kitchen during the rain.",The operations area was notified for ceiling repair.,2026-01-23T00:00:00.000Z,Other,End-Month,Negative Observation
92732,Angola,Field Facilities,Lucapa Camp,Accommodation (Company Owned),Water pump malfunction,"It was identified that whenever the generator is changed at the campsite, the water pump malfunctions.",The water pump was replaced with a new unit to ensure a continuous water supply and prevent interruptions to the campsite's water supply.,2026-01-21T00:00:00.000Z,Other,End-Month,Negative Observation
92730,Angola,Field Facilities,Lucapa Camp,Accommodation (Company Owned),Tall Grass,"It was observed that the grass was excessively tall from the Bunga Yalenga area to the end of the camp. This condition was compromising the visibility and mobility of the security team, especially at night during their patrols","The team responsible for vegetation maintenance was notified, and the grass was cut, ensuring greater visibility, a safer environment, and more favorable conditions for patrolling.",2026-01-22T00:00:00.000Z,Other,End-Month,Negative Observation
92729,Angola,Field Facilities,Kitchen,Kitchen,Lack of Lighting,Lack of lighting in the dry goods storage area of ​​the kitchen.,This has been reported to the operations area to resolve the problem.,2026-01-24T00:00:00.000Z,Safety,End-Month,Negative Observation
92728,Angola,Field Facilities,Lucapa Camp,Accommodation (Company Owned),Water Leak,Several points in the camp with water leaks in the plumbing pipes were observed.,"This was reported to the operations team, who quickly repaired the pipes.",2026-01-20T00:00:00.000Z,Other,Mid-Month,Negative Observation
92154,Angola,Field Facilities,Lucapa camp,Accommodation (Company Owned),Camp maintenance done well,Camp maintenance was done very well during the year end break. Well done team.,Complimented the housekeeping team.,2026-01-12T00:00:00.000Z,Other,Mid-Month,Negative Observation
91979,RSA Support Services,Field Laboratories,Neutralisation,Treatment & Processing,Corroded sump grating,"During sump cleanup activities by operators, I observed that the steal grating covering the sump i the V-Sep Filtration area was extremely corroded.",Reported it to maintenance and logged work request #4975 for replacement.,2026-01-06T00:00:00.000Z,Other,Beginning,Negative Observation
